player_name,career_kills,career_wins,career_revives
EgoistaTv,86058.0,5953.0,12400.4
i-PearlSwishers,93037.0,4753.0,12656.0
CxmplexNative,67804.0,4635.0,12111.0
ObjectiveTaken,87281.0,7579.0,12917.0
FCE JeW,76143.0,5553.0,9753.0
MatchboxTV,88236.0,6376.4,10117.4
Lukologist,64574.0,4236.0,5966.0
Tabassco,66857.0,4316.4,9758.2
xManumbollx_PR,107753.0,7672.4,22400.0
xItzLazzy,123374.0,8570.6,21136.8
JuTVBaby,90903.0,9713.0,21400.0
TheGreatViz,67777.0,4482.0,16374.0
xXRandomHobo1Xx,85468.0,6354.4,11530.2
YamchaOnFortnite,86540.0,5197.0,20285.0
Onysm,68057.0,4355.0,12679.8
G-I-Jane11,80926.0,6415.2,13982.0
RipaSticky1,69556.0,5353.6,9295.0
HufflePuffTV,137248.0,7085.0,26776.0
l Nyako l,64505.0,4548.0,8709.8
lSh1nnoK_-,89866.0,7149.0,12166.0
luv eeoki,82247.0,5768.8,14352.2
sporadicfury_,92154.0,5811.2,15932.0
EpicTotally,90723.0,5297.0,12782.4
xDivineStark,94396.0,11539.0,13909.0
MONO nessie,67154.0,4946.2,10813.6
Hqzikqmi,81289.0,5855.8,12017.0
HY_0316,173485.0,9213.0,18562.8
DiamondJJTV,94552.0,4920.0,12956.0
TSM ikemen,103931.0,8271.4,14820.8
vVytor,78563.0,4913.0,13965.8
vKrisse,128601.0,8242.8,17338.6
MoonPakuTV,203387.0,7712.0,25207.6
Way2Fruity,91663.0,6756.0,18913.0
MrMofongo,81897.0,5482.2,13978.0
modDRACARYS,89538.0,6889.4,20793.0
JukeBoxHero336,65045.0,3537.8,10615.2
CuteLilEgo,93758.0,5768.0,25035.0
rallykidthegreat,98249.0,5115.0,10756.6
official,96842.70955882352,6507.2147995889,13735.802455357143
Thee Mikey,71182.0,5063.0,10932.0
GENNXU,142145.0,8327.6,17723.0
hipposterity,84931.0,5170.0,14215.2
JoeyyHydroTV,189569.0,12973.0,29240.0
TNTG AGRO,65334.0,4210.2,13161.0
Lqsuq,121017.0,6254.0,16200.0
Laystra,66039.0,3060.8,9894.4
Omar14Shh,118183.0,7108.0,17835.0
Billy Butcher,20895.0,507.0,3288.0
Flipping Bricks,69572.0,5754.0,11936.6
LT-Treyfilth,106125.0,8117.0,14212.2
DIEINTHESEA,87969.0,7560.0,17948.0
imWIFl,85228.0,7668.0,9227.0
DanieIsV2,94494.0,5279.2,12419.0
xShane_TV,121659.0,8516.0,16647.0
Seven AImighty,66693.0,4959.0,9783.0
Resrect,125708.0,10303.2,13136.0
yAlbralulu_,100637.0,6722.8,13741.2
JakeTrox,131006.0,8132.0,17386.4
XoticcccTV,87485.0,5550.0,10406.0
Mirage-God,135390.0,8942.0,14200.0
Future Stepmom,92692.0,6292.6,13984.4
Kyruva,108360.0,7111.4,15991.8
QUK8913,84391.0,5308.0,10640.0
lilngi,111831.0,7370.0,18643.0
TreHasNoKillsTV,83827.0,6147.0,20481.0
luvkahzi,83581.0,4420.0,10063.2
ZenTherapy,103058.0,5958.2,18582.0
Ahzyee,86550.0,6516.2,15333.8
HydraBBX,111430.0,11268.0,15548.0
Rezpectfull-,100987.0,7186.8,15954.2
Lalisa,67791.0,3369.0,10122.4
MUVMENT-,138091.0,10440.2,26036.2
FTA_CarlitaJG,108141.0,6710.0,16529.4
oopsxxxxxxsorry,170398.0,9905.0,27690.0
GGSaviorzz,67437.0,5180.0,10247.8
LiIUziVenom,80551.0,4329.0,10114.8
MoFPi,84123.0,5969.6,12485.4
xInsid-,85270.0,6469.4,9973.8
AshPlaysApex,91602.0,7209.0,21907.0
MED_MohammadTTV,146256.0,8652.6,16667.4
Silavix,78986.0,3986.4,10562.0
Torgzz,71489.0,4174.0,9479.2
Myaimiisbadd,70682.0,4084.4,12225.6
Commando2287,91667.0,6543.8,14291.6
SpaceGhostXXV,67688.0,3991.2,12575.0
Blizzes,183531.0,9695.0,17636.0
L0nely3PIC,90618.0,10154.0,14604.0
JitWitASwitch,89700.0,3863.0,10604.0
Leno,69739.0,5343.0,12055.2
Twitch_goritan,82613.0,4523.0,9287.0
PSYCHO KILER371,72759.0,5109.4,11299.6
NekoDGPredator,112223.0,8319.6,16047.4
BaruMan_11,81079.0,5823.0,9135.0
Antix,96842.70955882352,6507.2147995889,13735.802455357143
yH5 Will,73679.0,7728.0,12200.0
oG-Krytus,127081.0,6698.0,16472.0
imGaZa_-,88429.0,5584.2,9857.0
AimAssistAbxsrTV,106647.0,6299.8,13804.6
Ytube_SadoZaemon,92763.0,6392.6,13780.2
IvI Heartless,101253.0,7709.4,23944.4
sqeaxk,102401.0,6162.0,16426.4
IIJUBI,89153.0,5724.2,10292.2
TTv-SleepyYoko,106350.0,7703.0,9391.0
SoggieWaffl3s_FB,137421.0,14647.0,29782.0
SlapsFPS,82183.0,6296.2,11604.6
Q5E3,83376.0,4457.0,7849.0
xDr0pped,76873.0,5767.0,11715.0
lKittyAmazing,81960.0,4497.0,15779.0
SleepyyGrim,80047.0,4998.0,9162.0
Curihqrq_,80358.0,4790.0,9319.0
I R E A L W,96737.0,6313.0,15312.4
Who_is_aceu,100458.0,6548.0,13739.2
SixFour8inches,90060.0,5187.0,11085.4
lYousif-,98119.0,5672.8,12308.2
pyoBOMBOCLAAT,82290.0,5768.8,14352.2
DeeSteez_1,105175.0,9878.0,17299.0
LLG_Tao-w-,102727.0,6560.4,18830.0
Zeuuss-EU,131957.0,8513.8,17237.4
Yo40WetEmUp,73432.0,4338.4,10225.6
Kenntiff,75145.0,2574.0,11768.2
iAm_NeOnBeast,111916.0,4538.0,9806.0
nyiu,96842.70955882352,6507.2147995889,13735.802455357143
SHADOWSTREAMZ-,101690.0,3878.0,11708.0
zDjae,99186.0,8384.0,12064.0
DrippyBrian,117980.0,6490.0,13831.0
JayNasty18,76387.0,5359.4,13331.8
GrappleDaddy419,70978.0,5105.0,10832.0
RealSmokytheBear,91563.0,5188.0,11718.0
Firefray,194332.0,13460.4,27439.4
Nerf R400,67151.0,7822.0,13465.0
KyoshiFPS,72642.0,5109.4,11299.6
Fhixey,101245.0,7709.4,23944.4
MerlynFooX,136524.0,9231.4,20092.2
Biohazardsv,98690.0,5481.0,11055.0
rPsychic,91112.0,6617.0,12859.0
Repuhtitions,99996.0,7593.0,14184.8
xpebbies,92372.0,5296.0,13113.0
l_Love_HORlZON,115070.0,5915.0,14462.0
XCeeBeeX,69752.0,5529.8,11465.0
HuLSsY,103565.0,7630.0,15861.0
Itz_NiueanFB,81571.0,5019.4,9807.6
TTK Defined,70753.0,4224.2,11920.4
xArryyy,68540.0,4676.0,9917.6
ImZaggs,142310.0,8355.4,17326.2
DRAGON-BANG,105951.0,8189.2,14556.2
Rrfua,66122.0,3990.4,10153.6
GomiaimPanda,183293.0,14754.0,20038.6
Game 6 MJ,81449.0,4921.0,12587.0
xzYaizay,74666.0,4689.8,11186.0
Thanatos_XVIII,66846.0,4316.4,9758.2
TTVgrindapex4life234543,73714.0,5314.2,14324.4
ilNotix,100567.0,5722.0,10396.0
TheSquishyBoo,115149.0,7462.0,15694.2
Welcome to the Diddy party,111158.0,6824.6,10483.0
UglySalamander,113373.0,7815.0,12967.0
a_hajjo9,82321.0,4304.0,14449.0
G59Gwen,81745.0,5911.0,14753.0
daREALomo,132258.0,8691.0,17553.8
PacParker,132305.0,10372.0,17178.0
SnyperKye,71398.0,5804.0,9890.2
sliar_Twitch,153509.0,9381.0,15970.0
jKillaKeiN,81313.0,5607.0,15861.0
AWESOME4SUMM,107822.0,6177.0,15381.0
TRUEgotcha live on KICK,105869.0,7816.0,13981.8
Chop_Em_Dead,90389.0,6846.0,11030.0
Forget Sm1th,66179.0,3650.0,9839.0
114114114114114,84891.0,6821.0,6859.0
paqdd,91586.0,6543.8,14979.2
Veiyll,65113.0,3574.0,11245.0
Terracine,70793.0,6343.0,12938.0
HerllonBenic,73468.0,3777.0,10110.0
rjrXo,111486.0,8274.6,18407.0
KyriosFPS,77258.0,4763.0,8887.0
Cam Slaps,79500.0,3877.0,10191.0
EIIovv,100521.0,6573.2,13480.0
MLG Vishnu,79548.0,2564.0,12020.4
SweatiiiYeti,65423.0,3647.8,10530.8
V1raha,128267.0,7238.0,13975.0
CayThueBuaSoApex,147453.0,3753.0,17422.0
Luke x,67853.0,3648.6,11597.4
JTolerance,152363.0,7877.0,12734.0
rFearful | Twitch,110671.0,7479.6,17328.0
ProblemLifts,178172.0,10809.0,19446.0
LoudDankPower,87967.0,5056.4,12848.6
IceeeTTV,134602.0,10029.0,27642.0
Lil-Koifish,112462.0,9362.0,14981.0
ZaKosenseiOvo,72568.0,4977.4,10820.0
acai lavendr,81943.0,5126.0,18300.0
Samuraikirby77,90554.0,6279.4,19241.0
Unl1ght_31,98057.0,6996.4,10590.0
TTV srgtjohnson,103705.0,8278.8,15910.0
ErysSeshBones,106509.0,7491.0,12472.0
A POLO G,130260.0,10124.0,16720.0
Jail_Rose_oi-_-X,110975.0,7571.2,12460.4
Synical Syns,113305.0,7578.0,21403.0
Dracon lll,70623.0,4429.6,12225.6
Ex DANTE DMC,70872.0,2948.0,10344.0
Saf,98525.0,6689.0,11842.4
BIeeds,145787.0,9588.0,16825.4
LG Giggle,177189.0,13960.0,23357.0
Saucy,96842.70955882352,6507.2147995889,13735.802455357143
Babby-Aiko,144581.0,7923.2,23948.0
hufzx,92034.0,5984.0,32785.0
vHeady_,120894.0,10142.0,14212.0
imLnca,95899.0,6415.0,14228.6
Simfrogz,99312.0,6679.2,8738.0
JuiceEddie,91133.0,7553.4,13406.0
Zen Satoru,66216.0,4368.8,9772.8
Reaper LOH,74975.0,4059.0,13181.2
iLuvKd_,122019.0,7734.0,21770.4
Xcvoh,69105.0,4204.0,10070.4
x dLini,73715.0,5314.2,14324.4
HF Liwyatan,96112.0,3451.0,11822.0
BleedElectrc,96815.0,6072.8,14120.0
dubstrub,104376.0,6632.8,12473.8
Obo-_-Ro,99420.0,8933.0,14401.0
MqDvL,90664.0,7911.0,12899.6
Retry,78732.0,4216.6,11953.4
FLAMETHROWER531,95101.0,4363.0,12808.4
zLiamzY,103008.0,6433.0,18528.2
G Y H M P,82891.0,6842.0,8988.2
XTR_sebaalca17,95001.0,6168.0,11325.0
kirazzz,136429.0,8035.0,12715.0
TWITCHFREEKLEEK,96685.0,6889.0,18692.6
ToManyNoRegs,75086.0,4225.0,20055.0
Demonizt,80749.0,8906.0,11310.2
zCafinity,171308.0,12752.0,27636.8
Naanouk,74552.0,4597.2,12990.0
ZNYYPER,71212.0,4313.0,8675.6
QueenNiccTV,137047.0,10130.0,16988.0
BUFF AIM ASSIST,73925.0,4963.0,9647.0
MrMadLost,67699.0,4429.2,13301.2
JTCanozoTV,101039.0,6302.0,13063.8
SkulyP,73699.0,5447.0,14704.0
PMKSI,105000.0,6681.8,14662.0
Brawler Jace,71995.0,4003.2,12235.0
ysLeepZin-,85023.0,6910.0,18774.0
Ooohelnoo,118199.0,7026.2,17681.2
Bloodwars2003,129019.0,8325.0,27387.0
Jerico_Angel,105234.0,4031.0,17523.0
MezzyTheGod,107898.0,7530.0,10544.0
Jackfinder,99211.0,5286.0,10336.0
TT-SENS3I-TT,86970.0,5863.0,15701.0
SlimShiesteeTv,90285.0,7074.4,12032.8
Dr3IuntSmok3,107805.0,6949.2,14076.8
NO EMOTIONS8680,65573.0,4991.0,12810.0
anna,96842.70955882352,6507.2147995889,13735.802455357143
Xena OFS,73961.0,4850.6,15116.0
Brts--,105195.0,6800.6,13704.0
temp-1850938,72056.0,3631.0,7887.0
InsaneGod_onkick,83225.0,6120.0,10942.0
TTV-Bear22345,204451.0,5444.0,15709.0
HxpeByReaa_,81380.0,6153.0,8927.0
DxddyDecoy,135074.0,9434.0,27105.0
eeoki,83174.0,4413.0,15889.0
ShimaRin_Ni,168425.0,11987.0,27222.4
ohhLili,87650.0,6241.6,11380.6
IAmBIackHammer,70599.0,4433.0,12935.0
AzayBae,169918.0,9176.0,32271.0
Boubou971TTV,145368.0,9588.0,18397.6
ibLaCk-LiSTx,118466.0,7167.4,17411.2
BigBoyGibby101,111236.0,8328.4,12540.4
R99AndADream,67354.0,4963.2,10711.6
silvertungeDK,130522.0,8797.2,17392.0
RmLyz,159261.0,8373.0,22515.2
Denxiety,141573.0,9845.0,20232.0
F L Ag3nt York,74070.0,4370.2,11039.4
FTA_Malakian,101086.0,10037.0,13188.0
iiTz_K_R_A_T_O_S,114112.0,6619.0,19199.0
NefanSWT,167146.0,11158.0,25335.8
freefunnyboy,100680.0,7494.2,15872.2
IPR MURDER,65567.0,4631.0,8276.0
Puberty_OmanjUuU,88255.0,7344.0,9050.0
shoobytooby_Jr,93795.0,6186.6,13949.6
iMarshTV,96842.70955882352,6507.2147995889,13735.802455357143
Xikor_,144909.0,8055.0,20845.8
Abisx,83694.0,4288.0,13053.8
Don_Whby,105361.0,7088.2,14333.4
RGK T Shelby,73368.0,4698.0,9957.8
God iruu,68816.0,4154.4,12610.0
Wallytastic,69777.0,6153.0,11268.0
PiToCk-,84716.0,5595.0,12599.0
Twitch-LehemPita,114019.0,10079.0,18760.0
Schmitten,84413.0,5086.0,11545.4
hatopoppo-1,110888.0,7079.4,12460.4
Belker-x-,87911.0,5056.4,12848.6
Champ Zarato,90634.0,6775.8,10160.0
EnhanceYo|Twitch,129931.0,7969.6,16068.8
ErenYeager_835,90018.0,4447.0,10141.0
III_Opolim_III,100351.0,6170.2,12133.0
FaithFul-Tv,116014.0,7085.0,14846.0
ToxicSkills12,91087.0,7553.4,15585.4
Prxgram1,72624.0,6010.0,10345.0
UndeadViolets,112293.0,7488.4,14187.0
Plitzzy,108025.0,8325.0,12549.4
MPV_meteor-kun,112037.0,6966.4,16128.8
XKaosXTheoryX,87311.0,6442.2,13285.2
Ejr7-,88967.0,5715.6,12163.8
luispereira155,166820.0,7674.0,13994.0
GaIveston,153182.0,8552.4,15970.0
Yung_Herbal,88495.0,6062.6,10719.6
Nachozkiller,88126.0,7813.0,10894.0
AllefSan,71652.0,4312.6,9259.0
Noil,80954.0,4854.2,10414.0
FutureCore_,82849.0,4100.0,10038.0
yH5 uMxrtins,90154.0,9185.0,12445.0
fire-sign1031,88009.0,5955.8,12329.4
AG TO OP,104367.0,6632.8,12473.8
Kosilex,83246.0,4766.0,12117.8
ConnFlixxTV,111898.0,6403.8,16442.0
ishmish-,96842.70955882352,6507.2147995889,13735.802455357143
GetGoodSweetie,161139.0,10289.0,24661.0
TSM goxo,64236.0,4940.6,11866.2
uj6dsfghgfn,75167.0,4556.0,14472.6
nR NoLiMiT,65808.0,3864.4,10250.0
Pxpco,77666.0,5694.6,11470.4
DR CHAOS BTW,75067.0,3391.0,11768.2
ClutchGodCrunch,96316.0,6973.0,11789.0
ULikeMyTaco,80857.0,5729.6,11650.8
KillerXipe,67756.0,4037.0,9706.0
No To Zen,78790.0,3854.0,10832.0
Scotty_TM-,93928.0,6714.4,19661.0
PeekedTV,90383.0,6293.0,13751.2
cheated on my husband,83106.0,6013.0,10979.0
Croutman_Twitch,87674.0,5853.6,11380.6
Fqdxa,82592.0,4432.8,11842.6
FTA_xBatuzay19zx,80379.0,9446.0,11356.0
HALO4DESTROYER,91478.0,5827.4,13759.6
TRASHF1NDER,64445.0,4693.0,8695.0
LamboSlaysYT,129084.0,9267.0,16588.6
omaedakeyade,134773.0,10014.4,21761.0
I Sense Danger,86964.0,5614.8,11564.0
TTVF0LDup,83523.0,4741.8,10067.0
NiyoFps,113329.0,7722.0,12054.0
Gildozynn,87542.0,7749.0,13772.0
ELITE HinTer,78817.0,3768.0,10903.0
Blessed,96842.70955882352,6507.2147995889,13735.802455357143
GoogleSlime,94770.0,5343.6,15380.6
L0S MANGO,67368.0,7477.0,14344.0
crqzyss,93691.0,5765.0,12855.6
momomonson,83583.0,3953.8,12817.0
HerTraumaBond,83829.0,4674.6,13203.4
HGT,64967.0,3913.0,10824.0
RizzoGames1,66023.0,3178.0,8543.0
Weeeknd-,104439.0,6632.8,12473.8
Aensu,75949.0,7009.0,11485.0
IIFortuna,116521.0,8747.0,13500.6
yooooooooooooujp,85099.0,5292.2,13482.8
Gurrxng,115004.0,8349.0,16896.0
Resrect,128958.0,7258.0,14891.0
rLikane,91558.0,5342.0,7106.0
Sinless,73739.0,4503.0,20926.0
Spongie,66590.0,3707.0,9568.0
VzGold_,123786.0,10186.6,18331.6
TTVtesty65,71049.0,4255.2,11310.2
TTVDatZNaStY,81878.0,5482.2,14774.8
TheKingYeezus,84660.0,4144.0,7860.0
SSyrex,114118.0,5272.0,17736.0
Trading my Wife for a Sentinel,68073.0,6528.0,11974.0
uArchonTV,119243.0,7068.4,14954.2
Dibzzer,105461.0,6043.8,13555.0
Yuri2012br,83938.0,5733.4,13468.6
x-7uss,109805.0,6495.8,14904.4
xNjdeh,92531.0,5896.2,14607.0
Grayson Jiller,78357.0,6780.0,12956.2
Kyurora,87705.0,7030.0,10309.0
ImJustS0L-,85252.0,7785.0,12076.0
rKuchi,83381.0,4813.0,8756.4
Hastatiii,79031.0,3453.0,17614.0
hunter22pro,122519.0,6959.0,19692.2
neemsis,84244.0,5714.4,12472.8
JayBeeDaGoatTV,90860.0,8757.0,16625.6
Akuma_Bardo-,85944.0,6326.0,11780.0
Dose_TriKs,102446.0,6916.2,18543.0
Yt / @TheManVita,129972.0,8087.4,16068.8
BSx Reyes,70134.0,4492.0,14389.6
JDistef6o4,86322.0,5963.0,14820.0
SandMan_045,131180.0,8447.8,19019.4
TTV-iRegulateU,87106.0,6135.4,11188.2
Menger420 | Twitch,125067.0,8695.0,12939.0
iPerea,87889.0,2816.0,8805.0
NL Cujo,74135.0,4360.0,13657.4
x0xJuRAx0x,100374.0,7200.0,13988.0
I J4RITA I,101508.0,6675.2,24025.4
ImVeryBadAtApex,76316.0,3184.0,11772.0
qehat,69928.0,4287.0,13416.2
Sinful 9mm,64721.0,5513.0,10879.0
Z3NVIE,110915.0,7079.4,12460.4
Heavsies,86407.0,6892.0,15939.0
So_Let_Be_Shall,101290.0,8378.2,23322.2
Ayo Thirsty,64587.0,3962.6,8607.4
Rose,96842.70955882352,6507.2147995889,13735.802455357143
Hq6SuKE,106102.0,8225.0,14556.2
BIeeds,145778.0,9573.0,20835.0
Xx29smilinjo,83387.0,5164.2,10764.0
IrishBros 91,69121.0,4204.0,10070.4
Blitzy,70430.0,4674.0,11976.2
TSM Yaba,140746.0,11445.0,17446.0
Mike Meddler,99264.0,9541.0,16844.2
AC Skullbreaker,97909.0,9905.0,14484.6
Rosenoire-95,80624.0,6537.0,20622.0
Joeofdark52_TTV,89091.0,5917.0,10730.0
herbestsin,66472.0,2683.0,10915.0
BladeGamesGG,103586.0,8699.0,12307.0
xl SleepyBoi,153547.0,8552.4,15970.0
Sizzifide,110323.0,7437.0,17283.6
rrHERO,129917.0,7550.0,16825.0
Born_2_Kill007,83929.0,5733.4,13203.4
ExcelXeery,93570.0,6100.0,11504.0
iidumplings,67590.0,4635.0,6972.0
TheyCallmeNawaf,87779.0,4867.0,11608.6
Refuzionx,105588.0,5568.0,13055.4
xPARABELLUMx372,83482.0,4740.0,8550.0
l Got 5 0n it,79289.0,3480.0,9870.0
GrappIe-God,84158.0,5888.8,12485.4
PandorActor,65062.0,3723.4,11826.0
ESTLEIAIRS,107679.0,6189.2,13651.6
KinGzVenus,66206.0,3346.0,8783.4
yukaRepto,98709.0,6791.0,11251.8
CigarroSolto_-_,105130.0,6885.0,13704.0
warvcx,80744.0,6464.6,11667.6
Nyviexz,90852.0,8757.0,16625.6
CLUMSYBOMB072,175539.0,6942.0,10063.0
IttzTyson,82423.0,6070.0,14954.0
FORTELFARIA,79942.0,4947.0,11534.0
itzzLokiii,138681.0,8789.4,26036.2
zephgg | Twitch :D,73594.0,2833.0,7102.0
The Dankster,128322.0,9527.8,13881.6
CIeopatraa,69028.0,5057.0,12340.0
Osirissunset,68938.0,4135.0,22720.0
LSSJ AdamG,64382.0,4905.0,9066.4
MezzyTheGod,104934.0,7576.0,15104.0
kyanataMARU,97444.0,6637.0,9643.0
NocturnalGriff,80598.0,5240.2,13709.0
Mewrtin,145393.0,9588.0,18397.6
DesmicaI,67481.0,3559.8,8191.0
sech123,81604.0,3322.0,17721.0
I_phasma_I,85673.0,4402.0,9100.0
FTA_xCanelo-Ttv,130877.0,9047.2,17392.0
xSIMPLlCITY,88712.0,6115.0,12157.0
BossRolls,84462.0,4740.0,12417.6
ewade10,107181.0,6544.8,13552.6
Viorlette,83470.0,3984.0,6283.0
Nezyn,108268.0,7111.4,14261.0
TTV-SmokedByBang,86410.0,9257.0,11791.2
Bowlesy89,213721.0,14531.0,23696.0
BroNr4,90108.0,5003.8,11120.6
xabzolutexzer0x,116013.0,7256.0,13679.2
YuckySuckyy,69295.0,4815.2,10049.8
Cheo,126968.0,9572.8,13555.6
iTz_Adi94,88385.0,6318.0,10529.4
MoJaux,73263.0,4732.0,11189.0
ValkyrieOfKING,109519.0,7528.8,12785.0
STEPFlNDER,80787.0,5866.4,9142.0
Terkoiz5625,88338.0,5115.0,10304.0
ManicAkira,106825.0,7095.0,18687.0
zMetagame,100358.0,7865.0,16741.0
Vxn,73548.0,5164.0,12528.0
RecalIz,94682.0,5398.8,15380.6
afroman_TV,92921.0,7531.0,16648.0
zaeezyy,213352.0,12950.4,28806.0
upthrow24,281574.0,19553.0,60203.0
J Fxlthy,75816.0,6286.6,10603.0
SNEAKERLOVE24,102023.0,6888.6,12043.2
Risperdal,155180.0,12888.0,20529.0
bbb,96842.70955882352,6507.2147995889,13735.802455357143
Drehixx TTV,66849.0,3152.0,6537.0
ThaKingMaker,79154.0,4583.4,12252.0
REDWQLFY,94148.0,6980.2,18343.0
LovelyBearDoIIs,91958.0,5650.4,15653.4
MoonnFPS,98922.0,2733.0,10202.0
oForeignDoll,64126.0,6122.0,10361.0
Sakutorii-,129285.0,8118.0,18694.8
Auto Pilot Disengage,72231.0,4763.6,10884.2
TIGALEXY,82667.0,6747.0,6859.0
Haze CosmiK,100857.0,7290.4,13349.0
Romxoplays,97818.0,10243.0,11624.0
xMERKN--,86110.0,7242.0,13107.6
Invnce :),84045.0,5346.0,11133.0
iTomyunTV,84744.0,5031.8,12540.0
Tha_Gingerbread,86884.0,5119.0,10820.0
TTV Webbita,78373.0,7165.0,23872.0
Ralf_17,115433.0,7809.0,15256.0
iPrayForMySwxrm,89226.0,5512.2,10292.2
TikTok Brunosalgadop,69890.0,4610.0,12054.6
Chet Ubetcha,96842.70955882352,6507.2147995889,13735.802455357143
AIfxnzy-,109416.0,7528.8,14039.0
zakivory,67321.0,4869.0,10461.0
KizzMyKunaii,66663.0,4132.2,11173.0
iiTzHiisoka,104399.0,6632.8,12473.8
EIevqte,65691.0,4202.2,12440.6
GiftedMel,96215.0,6181.8,12156.0
Warket,69583.0,5053.6,8939.4
FrankieStugots,93137.0,6328.4,16674.2
quiksily,125365.0,10303.2,12394.6
Zurellk,94889.0,6287.0,15506.2
Oneinchpinch65,65230.0,3985.4,15557.0
PPL,94331.0,7312.4,13379.8
rezirve,71173.0,4313.0,8675.6
a chilled G,106137.0,8081.0,22201.0
ESPERANZA_3104,127746.0,12702.0,31669.0
Mr_LuckyStar,161094.0,10007.0,13987.0
MillartimeTV,95297.0,5762.0,12936.0
Big Monoo,75526.0,5607.0,10978.8
M4V3RiCk 316,68578.0,4676.0,12145.4
DRAGON-DARCUS,102645.0,6687.8,16804.2
Dubs R99,79308.0,4070.0,10936.2
KILLERzzii,94864.0,4644.0,12816.0
unlor,65124.0,3556.6,9874.0
l-Midnvght,113244.0,7036.6,14407.0
ErasedTM-TTV,89061.0,5164.0,10139.0
O Valour O,137806.0,11037.8,31730.0
LetsGoMitch,66087.0,3662.0,9894.4
JennyTheBelgian,93581.0,5876.0,10046.0
lKaneeki,84785.0,5602.4,10614.6
Exovia,69795.0,5475.0,12054.6
BAKUGEKINISHIDA,148777.0,8012.0,14565.0
Buzxii,103305.0,8509.0,13332.0
rPurrneu,84333.0,5735.6,11592.4
The MaddGhost,133821.0,9197.0,15333.0
Forfiddy,67057.0,3190.0,9715.4
FooIishnvss,87637.0,5627.0,10719.0
Scooter360,66076.0,2996.0,8783.4
rLucxs,97956.0,3899.0,7641.0
Fabio1441Junior,71934.0,3445.0,8974.0
xRqchel_vD,109804.0,6495.8,14904.4
Benny,96842.70955882352,6507.2147995889,13735.802455357143
AnarchYStone,69988.0,2912.0,7329.0
IIAndre96II,108227.0,9246.0,17538.6
Staffi,133159.0,10348.0,14717.0
BigRagaTag,64653.0,2894.0,7790.0
GingerBakedMan7,116376.0,8592.2,19612.0
OhWeVibe,72992.0,4476.4,10008.4
TNG_Il-_-ViiPeR,90793.0,7312.4,16299.8
Turbofinder,72304.0,3014.0,12381.8
totototake_Ytube,114721.0,12335.0,20559.4
Father Bino,71500.0,5013.8,12291.4
MeekFlyer4,81516.0,3391.0,11227.6
LL KLG 23,90962.0,8506.6,15930.6
KN1V3ZZZ,126737.0,10358.4,14351.0
BigPizzaaaaaaah,102235.0,8129.0,11626.0
BoLaDaaO_,103900.0,8767.0,14092.0
Nopehyder,90755.0,8142.0,13856.0
CosiestCanvas37,77235.0,5713.2,11768.4
Toxic Swatty,102695.0,6560.4,18830.0
Aurelius77777,137041.0,10487.0,23533.0
Gigshot | YouTube,163286.0,10811.0,22753.0
Paplo_Escobr017,108533.0,7047.4,17283.2
Blokybloke,96082.0,4931.0,13782.6
I Shibuya,68463.0,4473.2,10034.6
I LASERBEAMED U,80065.0,5305.0,13664.0
InVidiousTM,79509.0,3819.2,9856.0
BloodCrime_TV,103740.0,8278.8,15910.0
o BLASFM o,81722.0,4226.0,11498.0
EXPFPX,133245.0,11235.0,13751.0
gibaltrar,71444.0,5083.0,15108.0
xJeffreyRD,93076.0,5947.6,20822.0
Ambytionz,67595.0,4139.0,10759.0
xsSaturn,118766.0,7996.0,15896.0
Carol-_q,81772.0,6138.6,10721.4
Airflow_11,103991.0,7221.8,10705.0
iDirn,124098.0,10533.8,13411.0
TermK47,139710.0,4067.0,24905.0
ELECTRIK_BeamZ,108121.0,8004.6,14843.4
@vit-fps (youtube),68977.0,3970.4,12270.6
Ai SKITZZ,78224.0,5927.2,13964.8
Adicx,65580.0,4374.0,15733.0
AtollSucrerie03,81426.0,4065.0,28523.0
TheNikeFiend,65398.0,3658.0,11086.0
Vrefting,67563.0,4204.8,13874.2
iWrexy,122960.0,9453.0,16483.0
Saintshero_,86037.0,2281.0,12658.0
StarkxxUchiha,87704.0,5041.6,12043.0
VvRABBITvV,74263.0,4216.0,11035.0
DlpIex,88078.0,3704.0,12141.0
Booklescs,108025.0,8325.0,12549.4
GoldnSkul,89265.0,4646.0,7831.0
iiiTzRed,100053.0,6660.4,13042.0
OhGoodOnKick,72899.0,4844.4,9839.6
MalFoYs_FaThEr,88699.0,4669.0,9596.0
Mangohabanero__,149260.0,11065.0,22899.0
Qvnzi,70734.0,4060.0,12602.0
zFemto,105067.0,5399.0,12163.0
Gigshot | YouTube,159400.0,10785.4,21899.0
Kvboom,98251.0,5935.6,9787.8
Walshz,85738.0,5341.2,11653.8
Buz Kistixx,75851.0,6286.6,10603.0
llll_NaYuTa_llll,104294.0,5676.0,11146.0
TTK Lemonz,93771.0,5765.0,12855.6
NezukoxWolfy,78371.0,5019.0,12030.0
YD Energy,90586.0,10694.0,11037.0
GOMUNASINOLUFFFY,84258.0,5714.4,12472.8
iPrayForMyRawr,100822.0,8848.0,21089.0
iCroxyz,102625.0,7462.0,11130.0
vJypsy,85755.0,6595.0,12562.0
MrWifeline-,110474.0,9068.0,21818.0
IT Neith,64230.0,4940.6,11866.2
Octanes Legz,74903.0,3761.0,13117.6
oxRikuxo,73113.0,4160.6,9856.8
Padre_Brada,90634.0,7701.4,11808.2
xKARMAxJMB,92053.0,6844.0,14810.6
iTzMeHerbieG,64984.0,3537.8,10615.2
GodzWrathTV,95699.0,7506.0,11262.0
SeLvDoR,108471.0,7111.4,17283.2
Itz Noobsbane,121042.0,8964.0,10980.0
AmaneeMisa,352185.0,16158.8,30053.6
xoMids,74311.0,4508.0,11907.2
JDizzleDaKiller,70974.0,4719.4,14374.0
PrifeX,86299.0,5561.0,9973.0
iiitzFear_,117641.0,8430.0,9884.0
Subscribe,102674.0,7314.0,17674.8
llLinso,128678.0,8242.8,18441.8
vUniqueTV,135090.0,5612.0,13253.0
MAGICALRENA,144666.0,8055.0,20845.8
Mxryw,100314.0,6176.8,13484.0
xPalovin,64675.0,3379.0,7822.0
MAX_GRAPPLE,95096.0,5444.8,12748.8
JG-KiIla,89553.0,4523.0,9828.0
Bra1nl3ssTTV,88938.0,6226.0,15505.0
HorizxnBeams / Youtube,96437.0,6123.8,14364.8
king kush,83439.0,4568.0,10063.2
TIINK_IV,95362.0,6308.2,12600.2
ItzBxbbaGxmp,111044.0,7571.2,12460.4
Papi-Torres69,81661.0,4961.4,11315.0
INTJ,96842.70955882352,6507.2147995889,13735.802455357143
Keiinaan,69412.0,5053.6,8939.4
Sevpha,75761.0,6079.0,10772.2
Naruto94King_TTV,85876.0,5438.0,12442.0
DemoniioTV | Twitch,171901.0,8630.0,15950.0
NyoXel_,101495.0,6408.0,12697.0
CasteaI,113748.0,6528.0,14485.0
Inosian,140317.0,8643.0,12731.0
NW Weapon X,84054.0,6005.4,12485.4
Dxcimxtion-,130940.0,9047.2,17392.0
Bodiesuper,89773.0,5519.0,11576.0
nono_chan_,145097.0,8920.6,20845.8
Wif3Line,66311.0,4672.2,9769.6
Halaven,183972.0,13399.0,19857.0
SlackToast800,72700.0,4707.0,11244.0
Roll Runts,84876.0,5139.8,13215.0
IMikaza,81000.0,4854.2,10414.0
TayluSs,93571.0,4965.0,7829.0
sqke226_YouTube,95898.0,11284.0,19237.0
Cpt Saltee,65682.0,3301.0,8623.0
ONI Peptic,91418.0,5331.0,15252.0
KIM JONG UN'S BALLSACK,67744.0,3141.0,8328.0
Residdentt,66357.0,4787.0,8992.0
Telati,71793.0,4044.8,8604.0
XBR3,91854.0,7423.0,11814.0
Tom master 1860,93339.0,6479.4,14915.0
Sarcastic Wrath,75240.0,6099.0,12542.0
JIkmon33,85082.0,6628.0,8948.0
Larnak97_1,89108.0,5996.0,12304.0
x1ELCuBaNo3x,101079.0,3064.0,15808.0
I2uffy,80658.0,6655.0,11945.0
TheAndVitor,89554.0,7108.8,11641.0
Jorgieful,97995.0,7716.0,14036.8
Tecnieqz,71272.0,5394.0,14536.0
uvuw,81583.0,8260.0,9222.0
Kraken Craniums,119390.0,7995.0,9962.0
Kinehticc,72481.0,4254.0,12900.0
Lord-_-HovbergDK,123978.0,8725.0,13722.0
OnlyDelly,80825.0,5856.8,14775.0
ttvLivekain,115130.0,3900.0,12843.0
rAnoonymous-,86568.0,5837.0,15333.8
Mqron06x2,80239.0,5707.8,11318.6
FeaR B0SS,73497.0,3485.0,8269.0
HerEdward,109889.0,5491.0,13710.8
Twitch.tv/MidWolveZ,101344.0,8378.2,23322.2
DonSnow2,67637.0,3943.2,9923.4
BarbaricTV,82921.0,7492.0,10712.0
HardenFps-_-,99720.0,7444.6,18006.0
Tokenergy,98799.0,7054.0,11398.4
BbyBala,86768.0,5943.8,13013.0
Sizing Rob,69850.0,5403.4,19995.0
ToadSlapper,67035.0,4315.6,12371.0
Evil z35,95987.0,6877.4,15198.8
Jrockerxp,115186.0,5990.0,17304.2
didio-_-sob,107840.0,8397.0,12377.0
sakasu_fps,116485.0,8592.2,9891.0
C9-JAM,82844.0,6235.6,10920.2
TviAmSniperkillz,88131.0,2113.0,10631.0
NoRr1se-x,88159.0,6107.0,9382.0
Feli_fps,97608.0,7224.6,11613.2
Henney47,95718.0,7378.8,12141.0
Cheellooo,68367.0,4035.0,9066.4
KoF_Xayide,83236.0,4766.0,12117.8
SARGITTARIUS A,76412.0,5947.8,10803.0
harrylad420,69588.0,5053.6,8682.0
Quadfxther,65994.0,3060.8,9380.0
AalkyTV,69506.0,5315.0,10270.0
MrKoujiCookingCH,119903.0,6936.6,13233.6
Mwrtez,75895.0,6286.6,10603.0
Leak_Naks,88774.0,6135.0,11999.6
ImInSpaceMan,80939.0,4854.2,11542.0
IINatsumiII,81729.0,8220.0,10882.0
VaIkeyRae,112288.0,7969.0,16231.6
Horaceu_,108415.0,7111.4,17283.2
MayBabyMarcusTV,167386.0,11822.0,36947.0
brainFMJ,89795.0,7084.0,32326.0
rCytus,115840.0,4142.0,11839.0
HerNebula,86865.0,6291.8,9997.0
itss clever,67296.0,5308.8,10590.2
GATIMUTISEIYA,89399.0,6974.2,13543.0
starker_rock,143558.0,6818.0,20147.2
E3_impossible,106401.0,6821.0,15268.2
Kirbskii,82537.0,3952.0,9600.0
CollinsProdigy,100095.0,6530.0,15684.4
Zwando209,68591.0,5239.0,10587.2
RinxPrime,86288.0,6291.0,12761.4
jimina_seinen,80175.0,6686.0,10755.0
vZainee,106390.0,6951.0,15268.2
Divine Yuuko,131822.0,7820.0,16870.6
@Doctoena,89970.0,4541.8,10691.2
Puffy Le Smoke,87205.0,5165.0,8801.0
HomieChrisG,87502.0,5887.6,11271.2
Wallervand,83808.0,4438.6,13115.2
PosessingStrive,110001.0,5692.0,11594.0
f3ar_Iuffy,91331.0,6595.0,10503.0
EternalDoomX,151482.0,12104.0,20740.0
iEtzo,69249.0,4671.8,10535.4
Dog_EspumosoTTV,94227.0,5557.0,14739.0
LUV DEM BENJIS,91192.0,4947.0,9456.0
SadbastiianTV,102223.0,6801.6,11621.2
WhoShotRicky,113811.0,7110.2,15128.8
No_recoil_cronus,92249.0,6330.2,11089.2
YouTube_HABOGAKI,97080.0,5502.0,14813.0
pooksii,118102.0,8312.0,13719.0
dandingoo69,102586.0,5628.0,14632.0
Beenito,107096.0,8066.0,10857.0
creamer nation,96842.70955882352,6507.2147995889,13735.802455357143
Muzan,90086.0,6494.0,10028.0
NqX-GAS-MAX,129558.0,8535.0,18810.0
Twitch-xRiddance,81485.0,4523.2,15808.2
Erlend_SF,104942.0,7236.0,11371.0
HETERNAL777,80167.0,5898.8,12105.0
CarlGustavJung26,87300.0,6523.6,13490.4
Abusing Ya,75762.0,8498.0,12729.0
xenxsy,102747.0,5268.0,12456.0
English or spanish,5374.0,3651.2,10659.2
zZ Supernatural,128102.0,9580.0,11622.0
KaioxTV,77217.0,5105.0,13809.0
L_U_Z_I_F_E_R__,88501.0,5002.0,11365.0
Fidxo,78461.0,4337.0,11956.4
GorefuIIy,80571.0,4304.0,8630.0
FATHERHOOPS,81159.0,6339.0,9081.2
penigitis,87190.0,6406.0,10375.2
Dreken-,83923.0,5733.4,13203.4
xBaRbieGiRlxxx,67228.0,5061.0,10786.4
oh CHET,86978.0,7048.0,11519.2
zEndlezZCrxxY,108501.0,7111.4,17283.2
Ilwittv,67192.0,5541.0,7584.0
Konstantinos-507,104504.0,7422.6,14762.4
pigjuju1,73952.0,3477.0,9224.0
konvyk,121319.0,8389.4,14940.0
LeSlimSmitty,66402.0,4656.6,10093.8
I-AXD-I,82338.0,5436.6,14425.8
przybyszedu,90037.0,6748.0,16323.6
onakasuitaaaa_14,93316.0,6614.6,14915.0
Legend of Berry,76406.0,6926.0,12167.0
DaddyDibs25,67167.0,3309.0,12680.0
ClayClayTV,130200.0,6882.0,15684.0
bharbiez,111016.0,8602.0,16517.2
Star-WayZ-,221532.0,13373.6,31461.6
viicro,185881.0,15219.0,17980.0
CraxxyTV,85936.0,4152.0,12233.0
Im Sr Yoda,67333.0,3764.0,9742.0
MED_Yaser,95568.0,6157.0,13795.0
yoskkr on insta,105823.0,9790.0,18365.2
iQoZo TV,65185.0,3985.4,7942.0
Veidus_,88445.0,5709.4,9997.4
Guttadactyl,167298.0,10925.6,21680.4
FullDekko,111888.0,7360.0,16692.4
XBoxJJ5026,83173.0,3662.0,15139.0
lDeef,77997.0,5171.6,12669.8
RezMeNoVa,211035.0,14119.0,51969.0
Ideal9194,65683.0,4202.2,12440.6
Nerf Chung,86317.0,8109.0,13366.0
SpunFIower,204662.0,9497.0,25207.6
OMAME-Ver13,89448.0,6192.0,13438.0
BloodChilean,97553.0,7224.6,11613.2
Mqxlen,124083.0,10533.8,13411.0
yoake_q,98350.0,8910.0,8412.0
SlyRacooh,93809.0,6116.0,9864.0
im just a wraith main,121885.0,7734.0,16752.6
N16 F,111100.0,6114.0,11829.0
B like Laddo,87867.0,4871.4,11973.0
happyfence-_-,93345.0,6479.4,14915.0
LIL-neet_zZ,95054.0,5493.2,15585.6
nlyxj,84181.0,5888.8,11772.0
Dabbinbumps,82633.0,2809.0,13982.0
xJsCls-,81539.0,5384.0,10356.0
Sinuipi,109726.0,7930.0,15935.8
SHIWAKE-KOUJOCHO,85831.0,8273.0,13292.4
mqzuko,89056.0,5662.0,10469.0
xMyAndyisNamex,68457.0,3407.0,9235.0
iYukako,81500.0,4217.6,12166.0
iRedfield_l,69363.0,4740.2,10049.8
Tollis,267599.0,16073.0,32047.0
EIfne1n,86214.0,7041.0,9448.0
ByeByWater,75182.0,5683.0,11678.6
xPuggWuggyx,71903.0,3445.0,8974.0
VouchMe,96842.70955882352,6507.2147995889,13735.802455357143
ChrisMotivated,65863.0,3485.6,10282.0
BigEqrth_,91640.0,6543.8,14291.6
WalkEmDownR2,105652.0,7195.6,13555.0
benGrizz,87324.0,6892.0,13152.0
NOVOSPROVOS,76906.0,5767.0,11676.0
xafui,104255.0,5813.0,12336.0
LeeHyper,84352.0,5308.0,11592.4
EstelleAir,125820.0,10292.4,13136.0
rGuero,100094.0,9139.0,29820.0
xkefkaVI,162096.0,8261.0,17655.0
Dibzzer,104078.0,8392.8,14612.4
Mukella,101798.0,5372.0,16472.0
IIFishlI,83261.0,5985.0,10174.0
DoctahDrayTV,155303.0,11195.0,20241.0
jtronithann,81017.0,3487.0,7110.0
Reviem,111154.0,7046.0,11609.0
Lahhmin,100225.0,6885.4,16650.4
Too_Leegitt,109172.0,8042.4,14039.0
itzZeldriSs-_-,87551.0,6241.6,11400.0
zPanshoo,87478.0,6144.0,10738.2
Temp3sT twitch,74597.0,5224.0,11125.6
nV_TargetTTV,154743.0,9375.0,21351.0
Swytchers-,181598.0,10224.0,18903.0
eNMey Brody,66026.0,3060.8,9894.4
QC Relied,77413.0,4665.0,10740.0
Omar-FLAGS,67755.0,6510.0,18580.0
I F1rehunter I,82063.0,4722.0,11517.6
FIuctuater,114950.0,9517.0,19108.0
Buxtz,91679.0,6543.8,14291.6
Dabs_are_better,165954.0,10584.0,20926.0
GOMICATZ,93136.0,6500.2,11203.0
THF-SPORTz,113477.0,8557.4,17831.2
Herii,139447.0,8465.2,20088.4
sks_n_,109854.0,7212.6,14904.4
iM Skir0,65360.0,3043.0,7038.0
SlumpGodLLJ,150125.0,8247.0,26650.0
imVashy,226687.0,12725.0,25491.0
P3RC 3000,115480.0,9141.8,16411.0
Saxzu7333,85107.0,4163.0,12204.0
unR TwiSt,77952.0,5196.0,22048.0
Qokiie,86424.0,5305.0,12684.6
genetix vice,71434.0,5013.8,10916.4
Ryuuu XI,72003.0,3445.0,10156.2
Zayne-Zilla,86501.0,6875.0,12164.2
SACRIFICEDANGEL,105078.0,7526.0,14058.2
WoodroHD,68831.0,4813.0,13920.0
Albanian B0T,67547.0,3881.6,10374.0
Ryzif,80208.0,5908.0,11937.0
whateversosa,64861.0,3414.2,10597.8
FatalOrb8837,88375.0,6177.8,9534.4
EqWave,84596.0,5290.0,10803.0
Lilb FDT,103810.0,7053.0,14903.6
mabo_nya,88785.0,6135.0,11999.6
Charizard Lv 95,74260.0,4837.2,11662.8
BFF_KOJI,96801.0,5534.0,16129.6
HalfpsYT,93087.0,6316.0,16344.0
xabzolutexzer0x,116034.0,7256.0,13679.2
blato1913,85959.0,8362.0,13292.4
GarliccHorse,78989.0,4466.0,12094.2
l Mr Monday l,122430.0,7921.4,21353.4
Defiant,96842.70955882352,6507.2147995889,13735.802455357143
KXMIKAZl,144850.0,8430.0,18212.0
lSTXRZ-,92479.0,6920.0,10762.0
The_LKSB36,91877.0,7850.0,10518.0
TTVOGgrundy,101923.0,6241.0,14455.0
Infehst,65306.0,3806.4,11464.6
xBangaIoreX,78042.0,5724.2,10934.0
MyPingSux,73518.0,4214.2,9548.8
T0000Loossse,97655.0,7357.0,15764.0
Bobbywittdatool,77852.0,5643.6,12336.6
N9x opr33ssor,65809.0,3864.4,10250.0
Ponixs,72761.0,5109.4,11299.6
Ruziik,96842.70955882352,6507.2147995889,13735.802455357143
ItachiiSama-,92974.0,7649.0,11976.0
LLEVIi6,92235.0,6032.4,11859.0
AUSTINN TTV,67881.0,3782.0,10403.4
king__ksa501_,192113.0,11464.0,28269.0
MorumbiS_Boy,115864.0,8214.2,15874.0
IxSectoRxI,115432.0,11132.0,12985.0
NeNoReGaL,153909.0,7968.0,14219.0
VoL,127040.0,8116.0,13456.0
NotLosTen,83608.0,4184.0,11133.6
x FADENT x,64443.0,4456.6,8709.8
XSaltCreepX,69783.0,6112.0,9418.0
boostdclipse,64976.0,3357.0,10546.6
[INSTA] | @Txqi__,109218.0,8042.4,14039.0
ImTapper-Twitch,96098.0,4516.0,7961.0
LatinoBambino805,97844.0,5120.0,13114.0
ScampBTW,80750.0,6464.6,11667.6
Red_in_7,94394.0,6253.0,15116.4
Peace42Maker,70833.0,4358.6,11909.4
Kurama Au,65547.0,4252.4,10484.0
laser_flipz,91433.0,5827.4,11478.8
JayStepin,64410.0,4236.8,7598.0
ImInsqnity,99742.0,7389.8,16474.6
PRVKTIKVL,82079.0,7052.0,10371.0
GitchRipper-TTV,65363.0,4217.0,12575.4
JustGoGrazyTV,110664.0,7479.6,17328.0
Clerith~~,119132.0,7628.8,14954.2
JNoveske,80996.0,6373.6,9517.0
Quadular,77712.0,6754.0,10522.4
OverfalI,83163.0,8050.0,10542.0
Frame,96842.70955882352,6507.2147995889,13735.802455357143
Slay Gravy,96777.0,6768.0,11076.6
aZeniith,91548.0,5863.8,14979.2
Nomercy_Fernando,118526.0,8387.0,14293.2
charlie456,72296.0,4482.0,12013.8
Schribez,103986.0,9245.0,23336.0
Redinstxnce,100964.0,7186.8,15954.2
Mad Freo Docker,69245.0,4187.0,11195.0
xUsqF,104505.0,7422.6,14762.4
BIack_Mamba_4eva,81486.0,4523.2,12166.0
Zxidu,95391.0,6308.2,12600.2
FreekSho,87132.0,6492.0,9885.0
XoBKH,72116.0,3922.6,13963.0
Naifenio,96643.0,6311.6,9104.0
iTzz MaHoNeY,97664.0,7541.2,12307.4
RobBellOriginal,68066.0,5141.0,9851.0
Aw R U Cryin,67635.0,4292.0,9238.0
Twenny--,82045.0,6497.6,10769.0
xItzCatblack_TTV,116772.0,6411.0,11544.0
GsQ_TidalWave,82930.0,4815.0,14650.0
TAIHOU_GUSSAN,91743.0,8731.0,10970.4
Dyezu,81249.0,5191.4,10187.0
NeNoReGaL,153909.0,8161.0,14741.0
donxshinobi | twitch,83326.0,4797.0,9593.6
xNirgIlIs,102116.0,10594.0,8001.0
KaturaHinagiku_,90961.0,9829.0,22423.0
Blaziann-,120331.0,7519.2,16728.0
Midnight-Organic,121847.0,7304.2,15058.6
inFERN0028,77160.0,5080.8,11374.0
Masa_o_20,89113.0,5724.2,10858.4
ITzOZZYTtv,100242.0,5155.0,12235.0
Ramblz,73253.0,4145.0,12149.4
Vahvy,102281.0,6544.0,16039.4
Z3bra Z3bra,76034.0,5583.0,10768.0
zMuulaa,130655.0,9047.2,17392.0
KisKq,118329.0,8157.2,25393.0
NRK Cosmic,175374.0,11327.0,28758.0
Jayzilla-twitch,103316.0,7264.0,16816.0
Dossulzi,92766.0,6999.0,13984.4
DORELDO,81473.0,4259.4,15808.2
VickyyMoon,115110.0,7047.0,18285.0
N2llr-,89935.0,4926.0,11960.0
SlickCeeTv,81265.0,5893.0,11716.0
KaosKrxw,90712.0,8131.0,16334.0
Vomur,72190.0,3935.8,10110.0
ImBeachedAz-,89203.0,5372.6,10292.2
RubberJoshiiiee,131983.0,7255.0,21834.0
UMADBeastly,70411.0,3740.0,15900.0
Neo lll,188650.0,13427.6,20607.6
FCCgoal09,80747.0,6239.0,8029.0
xpaczo-,90058.0,3681.0,11298.0
ZenoIG_Twitch,73919.0,4672.6,11039.4
TNM_8-Geu,88248.0,6022.0,10791.6
TogepiOG,96733.0,4529.0,18531.0
A12120NA,83720.0,52.0,11935.4
Claire Force 1 Gaming TTV,112392.0,8319.6,16047.4
Buz Shoot,76384.0,5569.0,20766.0
AylaMaiden,95284.0,5949.4,12612.8
NoReasonBro,77285.0,5675.6,11758.0
TwF Blood,98965.0,4597.0,10458.0
Marcturnal,79217.0,4070.0,12542.6
asapan-_-x7,102187.0,6215.0,11067.0
CharlieKR,72484.0,4820.0,11437.8
dreamzockerogg,98340.0,5230.0,10063.0
RavvPC,98697.0,7331.0,11232.0
AAG_Wolfy,106577.0,4046.0,15272.0
APex_WHITEWOLF,89942.0,2907.0,8826.0
CFGFILES ON TWITCH,88240.0,5293.0,10148.0
AcedHigh,82080.0,6589.0,11165.0
GrappledYou-,89318.0,4126.0,12139.4
DMG-CristianT,89682.0,5856.6,16112.2
Le_sia,101181.0,7129.4,23944.4
vLobluu,84549.0,4119.0,11858.4
bwo123spoot,76822.0,6322.2,10007.0
xAhhsted,110606.0,7479.6,17328.0
Ravenx Kox,78221.0,4899.0,13388.8
OD sGt,78749.0,3368.0,13348.0
TEJINA--NYA,81722.0,5888.0,11314.8
Korenmarkt,65738.0,4186.4,10250.0
paniik attak,88672.0,4184.0,12746.0
Clayious,107396.0,6567.0,13755.8
Riddle_FFX,118208.0,7026.2,17681.2
SSJ Silence,140922.0,6938.0,18040.4
Ka1eNN,107789.0,6865.0,9890.0
SimalanD-Shankas,84564.0,9340.0,9010.0
Danger23Ranger,97946.0,6998.2,12918.4
siruku7,115322.0,12974.0,27126.0
GrumpySquirrelTV,141707.0,7446.0,14611.0
FL mo-mon_,86302.0,6278.4,13096.2
Awesome_Tryhard,85950.0,5455.8,12442.0
yaba0ba0,86038.0,7958.0,14394.0
oJust5am,82343.0,5923.4,14271.0
mills6167,138585.0,9505.0,20188.0
Efermal,114183.0,6380.0,18326.6
Delta Kauilx,79661.0,4188.0,9435.0
FlavvaQc,92461.0,4253.0,8849.0
givine,125713.0,9524.0,13136.0
iDaxam | Twitch,99707.0,5589.0,12008.0
RedFox v7,84470.0,5308.0,10640.0
danny apes,88871.0,6380.4,12524.0
momotq_-,134621.0,10014.4,21761.0
Hazintv,97323.0,6476.2,12424.6
i-ABADl,83321.0,4797.0,9593.6
rawskababy,97043.0,5742.0,16129.6
Logic,96842.70955882352,6507.2147995889,13735.802455357143
Swxlk3r,64172.0,4451.8,11866.2
HAWKTUAHGAWKGAWK,127137.0,4996.0,10904.0
yuu,96842.70955882352,6507.2147995889,13735.802455357143
vAbodXr,86891.0,5614.8,12189.6
HeHatesTanya,76500.0,5416.2,10355.0
MasterVinny0,74158.0,4279.2,11544.0
BOYgynnn,84618.0,6282.0,8816.0
SHAQBAGGEDU,69953.0,5480.0,13264.0
BlinkQuicker,75740.0,6291.4,10603.0
FearRokai,102706.0,6219.0,23435.0
Wolvezxy,196155.0,17787.0,53665.0
iSoIoQ,108867.0,9241.0,17001.0
IllDQ,88707.0,6115.0,12157.0
s4ndyto3s Tv,79797.0,4585.2,11050.6
DefxnsiveDxD,94836.0,6004.0,13571.0
RyotaLoM,83400.0,4824.2,10336.0
J dot Apex,77615.0,4710.0,12200.0
JasonMullenix,125513.0,10303.2,12394.6
CracKedCabO,100772.0,7683.0,16337.0
rba,70955.0,4511.2,11192.6
WeeGrizzly_,83207.0,3371.0,10473.6
VVAZZAh,85157.0,5007.0,9373.0
Toffu_,100278.0,6176.8,13484.0
Mav,96842.70955882352,6507.2147995889,13735.802455357143
Onetoow,112736.0,7377.4,15320.0
Paligpio,90286.0,7074.4,12032.8
craqd out,88499.0,4996.0,9672.6
zmxvx,103205.0,5878.0,18023.8
iKingSiyaa,92663.0,5947.6,6925.0
IlllllII0lI,82001.0,6414.0,14350.0
JurassicJbear,90432.0,6601.0,13037.0
TryhardTomVS,76500.0,3907.0,8484.0
I love to slide,105690.0,7524.0,13407.0
RAYMQND,75513.0,4124.0,14154.0
sonic_sandwich77,86835.0,5377.4,13200.8
Mobile Suit,100205.0,5068.0,12323.0
I NordLys I,79720.0,4371.0,9831.0
WeSlept0n,68572.0,2025.0,6057.0
Mvvnda,76088.0,6081.8,11827.0
Computer Parts,67633.0,3425.0,10073.0
Dvixo-,176475.0,11535.0,20265.0
Abyss,96842.70955882352,6507.2147995889,13735.802455357143
brucejennersbr,68459.0,7317.0,12160.4
Ilhhx,83102.0,4792.0,9766.0
TUO EM TEL,106643.0,7431.0,13590.0
x ViGoXiN,73106.0,2763.0,7873.0
TTV Panicxs,97031.0,5399.8,14185.0
aQva7562,85467.0,5839.0,10016.0
ZEUS-7RPG,81583.0,5043.2,10278.0
brainsy,66465.0,3856.8,10762.2
kerschy,80143.0,4721.0,12029.0
Dosbien22,94216.0,7923.0,31693.0
zMoNxy,64595.0,4241.0,7270.0
IF e e R K O,80036.0,4451.0,9095.0
fat juicy,122359.0,6603.0,19695.0
Ixmola,94122.0,6980.2,18343.0
XenoMapleBeamsTV,100574.0,5912.0,12502.0
Woodler__,90063.0,4565.0,11231.0
iTz_MakiSaikoTTV,84922.0,5844.2,13285.6
HuggyBear1001,82999.0,4910.0,11732.0
BIGBangSlays,76288.0,7211.0,11845.0
NTS RyZeNx,66065.0,2008.0,10665.0
RajakarhuV2,85089.0,5401.0,13820.2
lK_BrainZ-_,98568.0,6793.0,11970.8
CBK_SoHeneR,109081.0,7511.6,14155.2
JECarrillo,68902.0,3743.4,13369.4
YourPlugsPlugTTV,89231.0,5882.0,12292.0
llValk,98632.0,6718.0,10255.4
UD Preacher,85938.0,4231.0,12175.8
Towix-_-07,108871.0,7581.6,14155.2
qpainnTV,127279.0,13425.0,16491.8
lPixelated,144901.0,8055.0,20845.8
LATiiFloW,125694.0,10303.2,13136.0
PoorGuy_K,104214.0,10479.0,15539.0
Nemerss,72310.0,3922.6,14384.0
webcapt,67836.0,3004.0,9696.0
VaSec TiMMy,78156.0,5851.0,11641.8
Defileed,90631.0,5279.0,12782.4
fellathatbangTTV,83791.0,4438.6,13115.2
NightmareGhostXx,81978.0,6497.6,10692.0
HaileyWRLD,122818.0,8192.4,36069.0
SoloOctane,102369.0,3479.0,9523.0
im-penguini,113003.0,7036.6,14407.0
Apoptosis,82710.0,6354.0,10601.0
yMaico_L,162689.0,11246.0,34922.0
Mestrez,101496.0,7146.4,23026.2
PNX_Urkle,108022.0,7711.2,12549.4
MiAh SlayZz,72692.0,5109.4,11299.6
l Oniix l,90585.0,7102.0,10877.0
happyfence-_-,96051.0,3459.0,15518.0
xSacredSlash,106387.0,6951.0,15268.2
FallenFateTV,77013.0,5080.8,11055.4
VyiBz_,81196.0,4997.0,7422.0
NateSavage @YT,99885.0,6616.8,16474.6
Teebowww,67555.0,3967.4,24071.0
FluffyMierkatTTV,80135.0,5307.4,12815.0
Niko__o-s,93531.0,5689.4,12473.2
xyqkt,72848.0,4844.4,9839.6
neroMLG_TV,81506.0,4217.6,12166.0
its relyo,103373.0,5956.4,21014.0
Rougzy,131613.0,8065.8,19678.6
M0RPH,67798.0,3699.6,11597.4
Jruizslayer_ttv,80108.0,6577.0,12012.0
BagUrBox,75016.0,4052.6,13026.0
Gravestonezs,71474.0,5927.0,9890.2
SneakyWattson,84030.0,4131.0,12057.0
BuNz GLaZiN,69541.0,5053.6,8939.4
BrockoliandPeas,92017.0,5650.4,15653.4
Kohi Xll,124272.0,10216.0,13411.0
Wishful Leland,150409.0,9541.6,19223.0
Buff the 99,64318.0,4262.6,9788.0
lukmelo_,81271.0,5855.8,11716.0
NovaStormzii,65151.0,3556.6,9605.0
Camden,96842.70955882352,6507.2147995889,13735.802455357143
JavierRivera17,65854.0,4295.0,8476.0
KM_msh,107559.0,6189.2,13651.6
Ny4pu_-,101912.0,6653.6,12340.6
xGearzy,106829.0,7112.8,16612.0
Wash3dB0t,79868.0,5504.0,13737.0
CoffeeAddictxx,107671.0,6189.2,13651.6
iSyquee,120790.0,8071.0,14571.6
vRirx,113440.0,11510.0,28566.0
insuqo,70313.0,3995.4,12921.2
TM Snyder,112205.0,9422.0,15082.0
DurlTheMediocre,69423.0,5053.6,8939.4
Pluto frr,99337.0,5635.0,13417.0
Hauntiful,85616.0,4042.0,11750.0
Hans_olo_TTV,111745.0,7025.6,18519.0
ABIDE_Mickeyboy,111962.0,6155.0,13585.0
LankonTV,69134.0,4204.0,10070.4
NoSmokeNoLife_,110132.0,5634.0,13055.0
Yousif,96842.70955882352,6507.2147995889,13735.802455357143
GhosteRunner,105289.0,6259.0,9600.0
Wisheswell,107886.0,6949.2,11705.6
B_I_T_S__,81909.0,5463.0,12280.2
trasheerrr,80446.0,4705.0,9704.0
Big_Sssssslime,91764.0,7119.0,14974.0
Danny Be Krazie,71618.0,4646.6,11051.8
iCloudStyle,67793.0,4400.8,13374.2
TRIPPY :),72930.0,4844.4,9839.6
Melvanon,79648.0,4000.4,10513.0
HugoHiIaire,94313.0,5701.0,12370.0
xMetroo,154626.0,8744.2,16805.0
v PapaTango x,102265.0,6801.6,11965.8
Valkyrie is my only FAN! lul,102942.0,5308.4,19969.6
BEL1AL 22,65557.0,4481.0,12861.6
uNoonieTV,67729.0,4166.0,17317.0
Joe_The_Coder_YT,77372.0,5713.2,10964.6
Misterosey,66300.0,3465.0,6946.0
playbxirari,114049.0,8716.6,19229.0
SYL4R UK,123185.0,7443.8,14740.0
QUK8913,84369.0,5308.0,10640.0
Chidu-,103199.0,5822.8,16260.8
UncleZ,80297.0,6025.4,14575.0
llZayo,116085.0,10662.0,13500.6
OGraycst,69533.0,6407.0,6359.0
Lyftss,95815.0,7053.0,10981.0
DzBANGER,129697.0,7969.6,16720.0
SoloQNinhaRD,71712.0,4044.8,9322.0
Axviyx,84331.0,5735.6,11592.4
Moonlightbandit,129804.0,6757.0,17233.0
player_name,96842.70955882352,6507.2147995889,13735.802455357143
XingqiuBlooom,84292.0,5735.6,12017.0
JaKapolot,102906.0,7378.0,17674.8
Rinchqn,82178.0,4619.0,9064.0
K3 Kron3n,66138.0,6184.0,11048.0
Titanovaa,87645.0,4658.0,11042.4
i cant 1v2,64334.0,4640.4,11994.4
AA_R_E_S_,93312.0,6254.0,12485.0
hdtj,115888.0,8154.0,10101.0
Caltooshh,70619.0,4429.6,12225.6
TRIPPYMANE2050,111219.0,9036.0,16440.0
Rutt Yanii,128617.0,9126.0,18818.0
Kixcey,93247.0,7711.0,13540.0
Nameless Wys,93846.0,6186.6,13949.6
A Dirty Dragon,71308.0,5002.0,12152.4
Xeaduss,65619.0,3902.0,8383.0
ItzEngyn,86154.0,6526.0,11462.0
xQUEEN_TRiGGA,96752.0,7734.0,26678.0
yogibears,104410.0,7062.0,13795.0
NoiR Chucky,92524.0,5031.0,13232.0
G Baby93a,94543.0,6590.8,15368.8
KannaTTV,104352.0,7791.0,11924.0
Ginkgoed,103998.0,8271.4,14820.8
xoTzunami,114952.0,4668.0,10649.0
NRAITH,73286.0,4771.6,9689.0
Arczr,64877.0,3414.2,10597.8
FlattyMcGee,108864.0,6390.0,21031.0
DaDerpyDonks,83521.0,4741.8,10067.0
griefed you,68365.0,4035.0,9066.4
fresco_di_zona,84465.0,5308.0,10640.0
Get Wraithy,67382.0,4893.0,10820.0
WantedS_LINKE,95523.0,8026.0,12050.0
Kami-R99,101089.0,7129.4,24287.2
JustSkante,98799.0,6278.4,11200.4
AIM-ga-TORISU,118149.0,6946.0,15368.8
ARODR1_TTG,147097.0,9921.0,17810.4
oLelehZ1n,86667.0,5947.0,13228.6
Yopekun_,99045.0,4866.4,10536.0
Triathstar1,85721.0,3810.0,16048.0
iMucho,85005.0,4756.0,12287.2
koro99_k,86945.0,5614.8,12189.6
COOPonBEASTmode,69985.0,4045.0,12258.0
CNo_Ras_Apex,102220.0,4210.0,15067.0
[INSTA] | @Txqi__,112838.0,7346.0,14468.4
TTV LARTIS,66190.0,3184.4,10355.0
SoReqd,95447.0,5833.0,12898.8
TNPNMAN_NEXT,84213.0,5888.8,11772.0
AgeB4beauty0,95507.0,6392.6,12600.2
LaviishLuxx,104868.0,6517.0,20542.0
RvstyYouTube,110243.0,7437.0,17283.6
brennbox2000,67544.0,5953.0,19973.0
kuronia0_0,83304.0,4766.0,9593.6
Cleanershrimp,146643.0,11897.0,16087.0
nyiu,104321.0,6632.8,12948.0
AiiiFl,84393.0,5308.0,10640.0
ttv-flacoscott,177302.0,10426.0,19446.0
KIBO SZN,70574.0,2638.0,9011.0
vDraKie,68338.0,4378.0,14801.6
Verostegui || Tiktok,88937.0,5715.6,12640.8
AQUA peeks,117913.0,6700.6,14258.6
xSnuff,146193.0,8652.6,16667.4
steezbupper,116726.0,7253.0,13198.8
Blvnkoo,67051.0,4602.8,10813.6
DrSirrieh,84888.0,5844.2,12594.8
S T U M M M P,110142.0,6531.8,15238.8
xMiru__,150887.0,9709.0,9475.0
Monkalot706,103161.0,2788.0,15970.0
PGl_SYRILLEX,89562.0,6950.8,13663.4
AQUAS_SPIRIT,102648.0,8728.0,12011.0
BuddyGotDropped,126418.0,9805.0,12872.6
Psykhplays,67524.0,4204.8,14108.2
SolMemeCoin,65560.0,4653.0,11637.6
Bilbil-Marsifin,96443.0,6123.8,14364.8
OrendiiTv,98559.0,6776.4,11742.0
AngryfenceEU,79086.0,4391.2,12542.6
EradicateMMR,93108.0,6150.2,10683.0
GGA_earth-Ytube,114029.0,6619.0,16471.6
SaltyFishcake,94374.0,7312.4,12915.8
DividedHadesTTV,65463.0,4266.0,12642.2
MR SLIPPERY 911,66047.0,3060.8,9894.4
Authority7-_-,83484.0,4788.0,12137.0
Rob_In_the_wood,86646.0,5837.0,14145.4
StayNaughtyC9,93403.0,6314.2,17000.2
Wifeline,96370.0,6174.0,20244.0
DevO ExOtic9378,72202.0,4487.4,11759.8
shullzy,64500.0,4621.0,7120.0
DraxxSklount,66287.0,4742.0,8328.0
Juan Magged,78805.0,4886.2,16084.0
MakeMeeLegal,66274.0,3607.2,9294.0
vampgod103,73159.0,4379.2,8787.0
JuhafromFinland,85555.0,5243.0,9151.0
Krieggs_,89207.0,5014.4,10292.2
BE_ULTRA_,128079.0,16384.0,16491.8
RaIKunq-,115119.0,5626.0,13805.0
nDodgee,99144.0,4029.0,8511.0
XphilthysX,81066.0,5443.0,10898.4
its_theios,93358.0,4827.0,10545.0
Orbzy x,80183.0,5602.0,10644.0
vKvaq,146396.0,11146.0,14001.0
Hack2Slay,89665.0,6356.0,12223.0
SoleiLuz_-,114927.0,7099.2,15880.0
zBestPro_-,130612.0,11211.0,29371.0
SergiinFPS,87350.0,7822.0,18330.0
GetFriedBro,78431.0,4497.0,11979.0
Velkliq,131086.0,8586.4,17996.6
HappieVIII,272000.0,11058.0,18389.0
Godonomicsx,98929.0,5182.0,10875.0
DnEngine,67548.0,3694.0,7981.0
WestCoastGhostTV,81594.0,4784.8,10651.6
RD-1Shot,117789.0,5605.0,11254.0
SpartenTTV,64443.0,4456.6,8709.8
Elfen_Lucy_LiLy,87619.0,6241.6,11380.6
zFovos,79212.0,6360.0,12415.0
Voidable-V3,112398.0,8319.6,16047.4
Feedzfps-ttv,118113.0,7365.0,17898.0
taylor_geiseman2,152223.0,9217.4,14703.8
NudieSZN,85193.0,6253.0,12441.2
ThatPathy,89531.0,6760.0,18163.0
FlySquadYT,82404.0,4700.8,13639.6
Sqrewed,90835.0,6938.0,11182.0
Sniftyy,141780.0,8379.4,17326.2
NuKY_xBia,94710.0,5343.6,15380.6
NaoufelFe,95484.0,6033.6,13096.0
DCG DARKLOWN,71257.0,4103.0,8742.0
H0LMB0Y,80515.0,4583.0,8605.0
BE LIKE STAR,129134.0,7205.0,17138.0
Sin of gore,85125.0,5419.0,19954.0
aG Infernuz,74736.0,4633.2,11186.0
le_raisin_bb,110722.0,6577.0,13126.0
Unclipible-On-YT,109949.0,6753.4,14904.4
IBeamII,99978.0,6530.0,18900.4
D1dYouBl1nk,124696.0,10286.4,12620.0
Shorty Claps,122693.0,11113.0,24670.0
xDxablo,73454.0,5103.0,12074.8
BigSchniedel,110643.0,7479.6,17328.0
lIlSTONElIl,72840.0,5672.0,10949.0
xllRyu,93216.0,6926.0,12016.0
KiloWrt,85933.0,6860.8,11621.0
Zen01 Crutch,80199.0,5707.8,11929.4
AhMaD_m15,80579.0,5240.2,13041.0
Fusionly,161852.0,9012.0,21896.4
vEsox--,96407.0,5908.2,13023.0
octane got u,126438.0,8809.0,12595.0
Makavelidisciple,81113.0,5325.0,11671.0
ItzNarkotik,90118.0,4501.0,9170.0
dig bick,86970.0,5500.0,11417.0
zMuadDib,87400.0,6155.2,12669.4
HostyBR,71061.0,4250.0,11310.2
KAITooNMeeN,105811.0,7567.2,13981.8
DrxpLxveOnTwitch,119782.0,5585.0,9705.0
R9 Kraven,82163.0,6760.0,14586.0
Gribzu,199114.0,10995.0,20603.0
CrustyToesTv,159409.0,10785.4,21899.0
JHummel5,68308.0,4557.8,8862.8
CoachAnju TV,96025.0,7134.0,11788.6
llKilroyll,71847.0,3164.0,6144.0
Berlutii,73792.0,5740.2,13586.8
xrAkiirax--,172754.0,10094.0,22998.0
SmokeNThirst,76471.0,5958.2,11151.0
kam,96842.70955882352,6507.2147995889,13735.802455357143
Mellow Webby,82979.0,5575.0,10425.0
HoagieBro,131964.0,8431.0,18707.0
Dr-Rincewind07,104644.0,7726.4,23779.0
aKingLeo,98231.0,5230.0,10756.6
Lil_Sky_Ver,71704.0,5223.0,12225.0
LucyLooseCheeks,114446.0,8591.8,28122.0
Goon Effect,79739.0,4386.0,13155.0
o Hazeee,85651.0,3626.0,11172.0
blaubeermojito,104330.0,6953.0,14674.2
Phlsy,124933.0,10286.4,12620.0
TheClusterFaQ94,73943.0,5319.0,12698.0
MetroBeaming,75992.0,5475.4,11289.2
Above Times,107125.0,6854.8,13481.6
Mezenu,78095.0,5877.2,12591.4
goblin,96842.70955882352,6507.2147995889,13735.802455357143
Casaris_,100241.0,6885.4,13484.0
XtraTism_TV,101768.0,5816.4,12666.6
Thereal_D23,92366.0,6949.0,10612.0
koppe-eppok,86017.0,6345.0,11529.0
lK_Kronos,105721.0,7567.2,15608.2
Mimu_jp,93400.0,6314.2,17000.2
RsN XIMkila,66714.0,3888.0,12178.0
Aerosu,110115.0,9378.0,20168.0
Wise vitality,183390.0,13416.0,18325.0
Pan_Gepetto,94815.0,5528.2,15054.4
mvttbvrnesTTV,150982.0,7016.0,16351.0
Msclutz,64236.0,4510.0,19801.0
BettiiLB,66546.0,4235.0,14493.0
qNo2m,109498.0,5794.0,15205.0
Puggsi,69792.0,5475.0,12054.6
OutLow,85293.0,6044.0,9567.0
I XB0T I,71261.0,6140.0,5930.0
MiSo_NeeT,98489.0,5193.0,8274.0
YQDooN,115790.0,8342.4,12025.0
LqCly-_-,88732.0,8084.0,11069.4
Orca XXIII,67538.0,4204.8,14108.2
iiTz Slimm,130673.0,9047.2,17392.0
SliqcPlaya,73891.0,4458.2,8512.0
Michael X420X,73778.0,6060.0,10626.0
Slimey,96842.70955882352,6507.2147995889,13735.802455357143
NickGotEm_TTV,111829.0,6403.8,16442.0
Space_MaXiii,113409.0,8162.0,14166.0
Single998 on Twitch,107795.0,5777.0,10336.0
Afghanihan,82162.0,6477.0,12367.8
Of-Importance,106234.0,7765.2,14212.2
Tangemper,109289.0,10857.0,7747.0
DennsElation,142389.0,9897.0,20435.0
yannifrl,128036.0,5817.0,13759.0
BROKEN CHAIR123,84196.0,5888.8,11772.0
xMoto_OG_,94699.0,5828.0,27280.0
WIICKSSY,86273.0,7631.0,18129.0
NaaBruh,81086.0,5275.2,8971.0
LobaFPS-,82578.0,5818.6,15000.0
alstrx,80501.0,7739.0,13117.8
ohJayvo,85969.0,7093.0,11521.6
Yammz_z,90649.0,8272.0,12899.6
xsSaturn,115975.0,8314.0,14724.2
HasaQuePasa,81540.0,4217.6,11422.6
DarthMvzacree,69088.0,4193.6,12375.4
MaddBrooo,371099.0,21010.0,29752.0
Cxllyx,125186.0,10275.6,15010.0
Moonvy,87977.0,6782.0,11121.0
Foxa-mouille_,119706.0,6936.6,13770.8
hxnvzxnvdzg,148662.0,9339.6,20448.6
iC4PONE,97778.0,7016.0,10756.0
DrextilAsTTV,68978.0,2047.0,8380.0
THE_REAL_ELIOTT,89689.0,5856.6,16112.2
taunnting,85077.0,5078.0,15994.0
YungChanCan,101209.0,7728.0,11476.0
MindSetAccuracy,82352.0,6684.0,19391.0
Sydbbyy,66566.0,3891.2,10920.4
T9 TeChNiCiAnS,81575.0,4738.0,8870.0
JonasOfSweden91,93303.0,6939.2,25989.0
PopsThatMops,64549.0,4614.2,8502.0
ScanBot_Nago,81013.0,4854.2,10283.0
moorebidTV,74680.0,3951.2,7697.0
You Salty Sir,125603.0,10303.2,12394.6
Dingeldorf_,81725.0,4638.0,9307.0
Jxkes4days,92540.0,6403.0,8966.0
ageinq,104495.0,7422.6,14762.4
Unknown name :(,96842.70955882352,6507.2147995889,13735.802455357143
Spark A Dab,70258.0,4598.6,17287.0
Hoalk,64233.0,6153.0,15168.0
Yuterra,65188.0,3964.0,9209.0
O---P--l,121573.0,7871.0,15058.6
x09a_012,88792.0,4376.0,11088.0
jay,96842.70955882352,6507.2147995889,13735.802455357143
STiM4THEWiN,136028.0,10073.0,19730.0
weltu,80890.0,4234.0,12326.0
BadFish-95,84537.0,5519.0,11357.8
ZacharySnarf,135112.0,16055.0,26605.0
gamingmerchant1,81454.0,4259.4,15522.4
AltermatumTV,99919.0,5695.0,28315.0
Muertei,157692.0,11664.0,20153.8
Favela7-,82134.0,7606.0,12394.0
BiirdGrEnade,76616.0,5416.0,14642.0
Najcik__,82732.0,4691.0,10817.8
Not_Invisiblexd,189167.0,14083.0,22106.0
GoochTheGuy Twitch,140879.0,13695.0,13630.0
iStaySloppy,84490.0,5452.0,9778.0
JonoTab54,96434.0,6936.0,11579.2
Lion10x_,120418.0,8193.8,16994.2
@crewsn,81616.0,4211.0,7167.0
DZFH-,91925.0,5766.2,17064.2
AlgoSween,85945.0,4208.0,16175.0
LpS_SETHUNA,151528.0,8990.6,17190.0
Babu77,64303.0,4236.8,7617.0
aktiver875name,81264.0,7124.0,17470.0
BaghelzTV,75293.0,4460.6,12860.0
OG_Aether,83256.0,3941.0,8077.0
TTV VF STIGMA,104265.0,7316.2,12948.0
NBS-B0T,90344.0,7074.4,14047.0
WakeBakeJake,92209.0,5487.0,11291.0
HoutzGPT,77676.0,6356.0,8287.0
xoSign,77795.0,3559.0,13427.0
GeckoMamba,97925.0,7067.0,21647.0
ichigo_21_love,88505.0,6062.6,11208.0
AnchorQluch,69556.0,3406.0,11686.4
skyIex-,92342.0,6083.4,10600.8
LeoMessiCucitini,91976.0,5650.4,15653.4
GAIAKU_V1sco,83096.0,6561.4,11132.4
Kashinzu,182857.0,9298.0,16465.0
KiLarity,69880.0,5215.4,12054.6
Ixqxu,87682.0,6408.4,10060.0
Honoredd,86080.0,5939.0,14216.0
INFINITY-fin_,82040.0,5854.8,11469.4
aimj_,89849.0,5100.0,15222.0
Intelgg,66716.0,4460.4,10419.4
Status0nline,71242.0,2375.0,7312.0
X-MUG-Z,120704.0,8519.2,16821.8
Pizition,67359.0,4963.2,10711.6
YT_patsos,108004.0,9742.0,14109.0
CPT-STORMBLESSED,108307.0,6144.0,14476.0
W4IT ZeN,76912.0,6804.0,12041.4
BLiNdhashtag,82804.0,6048.2,9916.0
nicohmygod,99541.0,6996.8,13314.0
Ash,96842.70955882352,6507.2147995889,13735.802455357143
cziggyy,176505.0,10734.4,20265.0
ZayOmen,100433.0,5596.0,15116.2
Grandpa Setup,77992.0,6353.0,6987.0
Alunzy,70247.0,5009.0,9473.0
Erytz,115560.0,5585.0,10679.0
LilMiddyy,113986.0,6619.0,16471.6
WST Mellow,66099.0,3200.0,8779.0
Jwallzee,80000.0,5367.0,11534.0
CreatinBraytin,81018.0,4854.2,10283.0
LaCajuns_,89951.0,5235.4,11663.0
DADDYCLUTCH6402,108391.0,7111.4,17283.2
OneClipRich,119792.0,6936.6,13770.8
DoovooPVPXtreme,78732.0,5198.0,8600.0
ElMauitv,102355.0,4838.0,9724.0
Loot_eye,96800.0,7041.0,10727.0
CIENTT,67497.0,3813.0,8142.0
Mr-Dhoom12h,80349.0,5817.6,11160.6
MagicJakkson,91906.0,5154.0,11017.4
nKuromii,108288.0,8181.0,21806.0
DomIlusion,75913.0,5754.2,8681.0
SingJai03_twitch,130386.0,6645.0,11303.0
PhupaCabra,71806.0,3413.0,9261.0
ForeverShredded8,158003.0,11158.4,20153.8
Relapsus,64589.0,4185.0,8227.0
Biltdifrint,79464.0,4493.0,9953.0
SolidDoxis,135771.0,10108.0,20253.6
TAE__JannKDash,101918.0,6653.6,12340.6
iiitzSmoke_,83090.0,6561.4,11132.4
BRO IM MASTER WITH FIRST ACOUNT,90268.0,6507.6,12032.8
Blank___NoName,90350.0,8667.0,14108.6
Don't Be So Serious,82531.0,3748.0,5133.0
Sinful Sweat,148647.0,9339.6,20448.6
Evade HORUS,71818.0,3763.4,9259.0
St4rFox EU,65706.0,4646.0,16654.0
MrJohnWickGT,66792.0,6378.0,11272.0
TtvUnlikeemu,120542.0,9165.0,25989.0
TB_SelocoTTV,89254.0,4422.0,12236.2
katsu-KING-,82747.0,7929.0,11181.6
kurrenaii,85086.0,5292.2,13482.8
Overstays,182506.0,12197.6,19291.4
Lurks R9,93997.0,8208.0,16974.0
IphxsezGxming-NZ,132371.0,6145.0,16952.2
boop,96842.70955882352,6507.2147995889,13735.802455357143
SSJUneak,94678.0,5364.0,10280.0
indoa77,96895.0,5912.8,16558.0
Hectic,64215.0,3225.0,6957.0
DoinG BiiTz,69040.0,5948.0,9157.6
oq-Alba,85998.0,7140.0,10401.0
zSweeneYz,105203.0,8436.0,11935.0
Layced204,72547.0,4977.4,10820.0
VerchyTheFox7w7,71424.0,4081.0,9479.2
LGD_MINGYUE,102287.0,8910.0,12345.0
JustinApes,68718.0,3767.0,8543.0
Lobas Shop,67027.0,3875.8,7968.0
CliffBigReDog,68098.0,4742.2,9590.6
Morgqnn_,82100.0,6397.6,11102.6
LKG_BenjiTheGod,118603.0,7167.4,17411.2
MajesticFishy2,87364.0,4959.0,10730.0
FrankieStugots,92449.0,5425.4,10905.4
lHanzo_-,85637.0,6900.0,10199.0
Sweet Scythe,83057.0,5938.0,15531.0
Phteeven420,96737.0,9101.0,28423.0
chkn da cool,86977.0,4544.0,11199.0
Main MAN Kieler,68106.0,4639.0,10072.0
xJDodge,97224.0,6187.0,13239.4
iCarryDiablosTV,83508.0,5777.0,10548.0
F L O W,83003.0,4189.0,11528.0
DubbziWubbziTV,143962.0,8560.0,26242.0
AyyNooor,92087.0,5177.8,15653.4
Dreken-,83907.0,5733.4,13203.4
THE ENGINEER765,73087.0,4160.6,9856.8
Jeloan_,111340.0,8178.0,12341.0
THESOULKEEPER,80269.0,5622.0,8682.0
Slickk T,80165.0,5139.6,14282.0
SirPacoElTaco,113108.0,6619.0,15492.8
DJ-FRAMPS,85144.0,4850.0,10314.0
xaiyr,112985.0,7036.6,14407.0
Jay,96842.70955882352,6507.2147995889,13735.802455357143
Deeno Slays,86407.0,7105.2,12658.2
Contrakz,104648.0,7630.6,16531.0
TwitchNamelessTX,120100.0,7337.0,11842.0
PookieWezz,64819.0,2956.0,12105.0
xoKuraii,84410.0,5308.0,10640.0
DynaM1keOnYt,107685.0,5881.0,11687.0
Heyamii,110398.0,6641.0,13560.0
Ricky_Samuraii,108497.0,5276.0,12469.0
pgKevn,164114.0,11125.4,22006.0
Underratin,111283.0,8328.4,13284.2
XmasduroX,83371.0,4813.0,8756.4
ikrdys,81521.0,3850.0,10989.0
MonstarFlies,173633.0,9213.0,18562.8
imVashy,226681.0,12725.0,25544.0
Jossenko,100507.0,6276.0,13250.0
io3NF-,90780.0,7312.4,14736.0
freedom,96842.70955882352,6507.2147995889,13735.802455357143
soberion,90974.0,10804.0,11789.0
LUSAB-1894,122195.0,5479.0,14805.0
NotSemola_,126874.0,14629.0,16491.8
Erz7a,73512.0,3542.0,9735.0
Nelsinho_x,110834.0,7058.0,11941.0
lYORia_,172293.0,9805.6,22790.8
Rokkstar,83045.0,5363.6,8280.0
The Body The Body The Head,88875.0,5200.0,14044.0
Crxzyyfr,114576.0,8249.8,17847.4
Rezsoto,101309.0,8516.0,67615.0
KoF_Ryo_,90305.0,5112.0,13071.0
Rainsinz,100476.0,7031.0,11196.0
iZi ofDream,67614.0,4300.6,12222.6
HuntBeginz,73278.0,4303.6,9689.0
Nicksxn,96842.70955882352,6507.2147995889,13735.802455357143
zprxjxct,115971.0,6077.0,15736.0
The jifg for V8,66831.0,3205.0,9021.0
Akes,96842.70955882352,6507.2147995889,13735.802455357143
JustAppleiii,70873.0,3337.0,12427.8
Lethalogy,113890.0,5927.0,15335.0
InSaniity_TV,80664.0,3547.0,14447.0
Horizon8235,72491.0,4338.0,11060.0
iCarryIzzy_TV,104976.0,6681.0,16120.4
EhFadez,87246.0,5366.0,11756.0
LivingInHysteria,105736.0,7567.2,15608.2
Tyson,96842.70955882352,6507.2147995889,13735.802455357143
Findxrr,91977.0,2420.0,11874.4
ExB_Artillery,187766.0,13073.8,20607.6
iShardTV,182601.0,13296.0,25128.0
ThirdsBetter,118357.0,7328.0,12508.0
qDevs-,136319.0,9836.0,20092.2
EroGameMaster,128093.0,9527.8,16451.8
Lil Peep Aye,104274.0,7660.0,14674.2
Staqkv,116995.0,7765.2,12437.0
SiL3NT5280,65512.0,4284.8,11637.6
IamDytto_,81670.0,7160.0,11916.0
yMinopiola-_-,81738.0,7698.0,10781.0
AxT_iBertz1n,100534.0,7439.0,14799.4
rraxo,78055.0,6275.6,9953.0
Scotty_P_YO,68699.0,5392.0,11124.0
Shwinyy,202705.0,9497.0,25546.8
JuicedGreens,78242.0,7087.0,13035.0
fearzypoo,193784.0,13460.4,28269.0
y__vsix,112869.0,7346.0,14570.0
Odiilon,72246.0,4763.6,10884.2
more-confussion,100572.0,7779.0,19037.0
StrawHatSosa_,119287.0,5902.0,19414.0
TTV|KICK Max Fulan,87932.0,3920.0,11859.0
FatHam123,71361.0,4590.0,10266.0
rSnickersx,93496.0,6679.0,22442.0
TTV Polo Don,92666.0,6387.8,24386.0
ALSHANAB__,115406.0,8209.0,16009.0
vD_Disofs,115374.0,9141.8,16411.0
0Skill but im kind,69383.0,5153.2,10705.0
IndioLuzbelita,88610.0,8882.0,14831.0
Revy9_CUTLASS,96970.0,5911.0,22367.0
III_V_XVII,86352.0,6398.6,12658.2
SpinakyOnTTV,71211.0,4313.0,8675.6
markonpcttv,110275.0,6464.0,17817.0
Marist_Diablo,90216.0,5562.0,14448.0
DarthHRZN,115797.0,5584.0,13242.0
truspilla_,100527.0,6398.0,13521.0
D3Xsterity,84430.0,5743.0,10136.0
Qasomy,103369.0,6413.8,16410.2
Onrryo,76791.0,5839.8,11222.0
The_Mjed,89426.0,5414.0,15825.0
AthenasMerci || Twitch,109488.0,7528.8,12151.6
Foxlemen77,91340.0,4814.0,12815.0
Luroso,67954.0,4635.0,7525.0
IIItzSlappy,75053.0,4052.6,12268.0
Ttv-Raymond1313,82061.0,6476.6,11587.8
OG ClutchBone,76518.0,7495.0,9170.0
iCarryMellooo,86601.0,6500.6,10959.0
l Love Debbie,125072.0,10286.4,12620.0
Male Rage vs Uncooperative Duvet,74141.0,4835.0,13379.8
UncleCat,80506.0,4709.0,9380.0
Universal,92728.0,6292.6,14392.6
HappyKitten2251,184286.0,12112.4,18052.6
Twitch ewbeans,76858.0,4067.0,8070.0
mone_vv,107524.0,6189.2,13651.6
Look he 1 HP,74127.0,4279.2,11544.0
utopia0123,85438.0,5328.0,9154.0
xMiiN--,86203.0,6946.2,11641.0
rLikane,84330.0,5735.6,11592.4
x5Sqy_x,82135.0,6019.0,11924.0
ShadeZUltimate,66179.0,4060.4,10091.6
Tsunopolis,75847.0,4264.0,10077.0
FTA KrissUwU,103058.0,4675.0,11560.0
StyIuhh,108816.0,7581.6,14155.2
o GEEZUS x,92353.0,8321.0,12246.4
Esensuu,71845.0,3133.0,10000.0
Apertures,139799.0,9303.2,17788.8
iG x defhunta98,77497.0,6939.0,13648.0
penguin_wit_gunz,81353.0,5398.0,11143.0
DarkGoddessTV,84136.0,7657.0,15565.0
Low lightsss,113692.0,8836.0,12515.0
Bluuu_Bluuuu,85598.0,7831.0,9400.0
Jukes,80993.0,5782.0,11310.2
ITzNotBuckss,90891.0,8757.0,16625.6
CheekyClassic,137829.0,10440.2,23598.2
rDonQuijote,71618.0,2826.0,9261.0
Smerk A Berl,69993.0,6326.0,11273.0
Toughst,106876.0,5436.0,7662.0
SOLO LVLXNG,95780.0,7509.2,13606.0
YukinoPAD,92392.0,5598.0,8571.0
BoBoOnlyGod,69152.0,4204.0,10070.4
Tzr_xo,112328.0,7488.0,12459.0
hhorimiya-,112207.0,7357.0,23528.0
uki_Mogu_Mogu,94011.0,6714.4,19661.0
Orcas rage,68189.0,3048.0,11581.0
Slippery-Pearman,98907.0,6050.0,11485.0
THCnECCHI,80652.0,6976.0,17048.0
Pred Trail,91029.0,8506.6,15585.4
Martelwar,89341.0,8485.0,14446.8
mikey,96842.70955882352,6507.2147995889,13735.802455357143
RavvPC,98676.0,7296.0,13980.2
McGuich,118389.0,6891.0,17759.0
MightBeACrackHead,64916.0,3322.0,10676.0
Eevium,104660.0,9762.0,16341.8
IMeegzI,89806.0,7151.0,16068.0
TazFist,110433.0,7360.8,17550.8
PriZeFTW,90569.0,5278.0,10966.0
Mr Lotion l,95540.0,5763.0,11912.0
SolidBotts,99270.0,7153.8,11315.8
GuIIing,71996.0,3884.0,10949.4
D34DAscensionTTV,120119.0,7604.4,16439.0
MrDaniel1994,91670.0,4835.0,11269.4
JustNeno__,90615.0,7314.0,12363.0
xrap06,93527.0,5689.4,12473.2
iiTzSw4y,72587.0,4977.4,10820.0
BS Campy,65086.0,3307.2,9874.0
NothinGxNO1,83657.0,4432.0,11234.0
MajesticFishy2,87364.0,4959.0,10729.0
Crazzles,91102.0,5570.0,11714.8
nH_NoroCR,107631.0,6246.0,13945.0
LN I Norguosanow,95845.0,7686.8,15138.2
uGUGS_,101559.0,6675.2,24025.4
benjiman,96842.70955882352,6507.2147995889,13735.802455357143
AlmostAHero,64617.0,4257.0,13072.0
Unrezzable,129251.0,8118.0,19093.4
Yiiks,106870.0,6414.8,13481.6
Gnnn_Reiiichou,88673.0,5292.0,11006.2
Aces Kunai,180376.0,10579.0,16149.0
weil_line,83822.0,5265.0,9807.0
iGRILLurCHEESE,164625.0,14438.0,25864.4
saitric,67788.0,3606.0,10100.0
KaibraltarAF | TV KICK,93057.0,4897.0,14353.0
Mizxhif,85014.0,5564.0,11586.0
TeezusActinUp,94987.0,5493.2,15054.4
Nicotiate,148225.0,13236.0,20707.0
dayomoo,80399.0,4525.0,11871.0
CarLeeTTV,82959.0,6679.0,8988.2
JokersWrath-,88460.0,5584.2,7241.0
ZeRoTroiZiX,75532.0,6081.4,12465.6
CORAX-II,65187.0,3483.0,11410.2
Yo4TqKq-Twitch,97996.0,6404.0,11600.0
Beyond Trickz,84939.0,5844.2,13285.6
ll Louie ll,71244.0,3884.0,10462.0
ll1bra_,130339.0,9124.0,13882.0
zKis7,93591.0,5877.6,15371.2
RoyLiebe_,102643.0,4662.0,12433.0
E36_Aimbotkids,91976.0,5650.4,15653.4
LobasBoyfriend,95697.0,6727.2,12141.0
Obey_Son,103975.0,8271.4,14820.8
Revfaz,82198.0,6296.2,11604.6
T MOBILE 5G,75786.0,5417.2,10043.0
bLaiiSe_go_brrr,157226.0,11672.0,20717.4
Carumel,116935.0,7985.0,13590.4
IntensiTy x,66127.0,3922.0,10437.0
Pvwt,71442.0,5013.8,10916.4
SteveOhs,86705.0,5861.0,16473.0
H0LL1EBabyy,140472.0,8666.0,17146.4
Ttv Luminos,76509.0,5416.2,10355.0
iLastStar,80655.0,5828.0,14872.4
HAN_AN_,127803.0,9527.8,16451.8
Revenant8259,94357.0,5779.6,9942.0
Hi Baby Hawk,80578.0,5606.0,10708.6
PRO 3 STACKER @MileyOsiris,89523.0,10654.0,14119.8
illSmashu007,111627.0,9264.0,25531.0
Xedoocz,94167.0,6980.2,18343.0
HAV1K,92003.0,5650.4,15653.4
Aye Papii Jr,94682.0,4878.0,11682.6
Win4TheMoney,100020.0,6676.2,11002.0
6AINZZ,172414.0,7647.0,15045.0
Dabhr,82615.0,7132.0,11344.0
isN_ZenoX,85006.0,5805.6,13501.2
CocaColx-,148945.0,10238.4,20448.6
PoppaLizard,77464.0,5634.2,11627.2
Bacawakaa,117932.0,5731.0,14591.0
Yumiio3o,85378.0,4597.0,9626.0
Splugz,206650.0,11179.0,18683.0
Weedirty merk,69146.0,4204.0,10070.4
X_Whyz-,117301.0,7136.8,12220.8
Uptoll,67766.0,4355.2,12617.6
BMiNG,64908.0,3523.0,8505.0
clipticzz,96937.0,4310.0,8898.0
SdK Genius,96657.0,6889.0,18692.6
z-meir,120387.0,8060.0,15695.2
MT SkillZz,66306.0,6836.0,15288.0
Memphii_KickTV,161530.0,13594.0,18270.0
MrRockefeller-,91148.0,6906.6,13406.0
fatshelby95,71021.0,4513.4,11059.0
ash-skyl1ne,83050.0,8014.0,11106.0
BunnyGumi,96006.0,6095.0,21456.0
LOBOTOMY,96842.70955882352,6507.2147995889,13735.802455357143
Hou Yi1,65203.0,4604.0,11352.4
Yo-Mordred,95642.0,6184.0,14416.6
Legit l,111553.0,6067.0,23970.0
IlSukuna-,96534.0,6007.0,15598.2
N7IK,164853.0,11098.0,18257.0
iTzSwerv3,64676.0,4056.8,9366.6
RPhelipe,75741.0,6291.4,10603.0
AbyssionHanmaTTV,149355.0,10632.0,18865.8
ibermak,129049.0,8236.2,19093.4
Icy c0ld,78833.0,4895.0,9140.0
NG-Wraither01,85400.0,5516.0,8352.0
Goated,96842.70955882352,6507.2147995889,13735.802455357143
KoIIum,66262.0,4672.2,10042.2
NeyazR,125873.0,10727.4,10785.0
farvibes,73055.0,5070.0,10939.4
MxxNIV,113210.0,5449.0,11445.0
Zeebnation,70793.0,4358.6,12284.6
vRAPTORx_v,83597.0,6239.0,11616.0
ooHyphee,82786.0,6061.8,9339.8
flight_R9,82487.0,4816.0,12822.6
xBudze,85204.0,6312.6,12188.8
MUVMENT-,138071.0,10440.2,26036.2
Billy Butcher,132714.0,9358.2,17237.4
iCroxyz,102645.0,6687.8,16804.2
Metsuiighttttttt,68536.0,4676.0,9917.6
TDz_Riad93,93199.0,7714.2,16004.0
jayhawk488,115771.0,5940.4,12616.2
CIews,85435.0,11088.0,12448.0
NotAPlayerr,65846.0,3762.2,9114.0
Marikas Son,69062.0,3781.0,8426.0
Rave_saki_2408,99147.0,6923.0,12024.0
iesxi,98867.0,6693.4,13256.0
PBT_ELVICHOUUUU,106182.0,7765.2,14212.2
PopNemo,128102.0,8620.0,11234.0
GoodEBoyMiizu,68225.0,4746.8,8862.8
Papa Apoc,101568.0,6675.2,24025.4
Mokxn,106096.0,8225.0,14556.2
Aryuh,108279.0,7111.4,14261.0
Slayseph,65476.0,4018.2,10708.2
Demonianv,82541.0,4834.2,10072.8
Mxltryllis,97656.0,7970.0,11427.0
Mqndqrin,101071.0,7129.4,24287.2
GlizzyJefe,65570.0,4653.0,11637.6
GladTerim 2,70122.0,4651.0,11524.0
TtvTitanStar01___,217213.0,12768.0,30608.0
DarkAssassin688,72618.0,4977.4,10820.0
Froogzzzx,97463.0,7224.6,11613.2
Electrxde-TikTok,110449.0,7360.8,17550.8
SpIifd,70618.0,4429.6,12225.6
XpectoPatr0num,71049.0,4823.0,9354.0
0Juan23,101402.0,9202.0,11635.0
fuegopapii,93136.0,7355.0,24659.0
DS_Insanity_TV,142200.0,8379.4,17326.2
iTinman cant aim,119738.0,7864.0,17931.0
DOMIXIK,86343.0,6278.4,12658.2
PN Proski,67939.0,4429.4,9702.2
MrParkster,152929.0,9098.2,15847.8
lXTIGERlX,83895.0,3953.8,13703.0
iG_xRaMpi,109789.0,7572.0,11888.0
Lobabakshots,66623.0,3872.0,9843.0
Cpt_Doped,85193.0,6312.6,12188.8
I AM KROGAAAN,73413.0,5785.0,10486.0
Darsh,96842.70955882352,6507.2147995889,13735.802455357143
suessy1,82576.0,4432.8,10072.8
Anniiyyy,110092.0,6531.8,14904.4
Za__I5,105575.0,6837.0,15310.0
JESOXO,87276.0,5720.4,11297.0
iiiTzRage-,97451.0,7143.0,10476.0
xoKaiz,336733.0,12109.0,16433.0
Go cry mutt,207111.0,12155.0,19074.0
i47bones,142239.0,7771.0,18348.4
iYekim,88734.0,8346.0,11069.4
konvyk,121086.0,7461.6,16661.0
UnholySkjeio,72229.0,5166.0,9790.0
Patrick Nacher,68924.0,2665.0,9487.0
ARN Staan,83205.0,5123.2,12117.8
amsrKuran,82105.0,6171.4,11284.0
XxDEATH XI,109261.0,6412.6,12528.0
realsynnkitty,67002.0,4135.6,10604.2
MultiMyhre,90105.0,5447.0,12729.0
SOO_GUD818,88791.0,6135.0,11999.6
khxju,76112.0,4968.0,13685.0
BadSportFCH,67257.0,5061.0,10786.4
kswr_il,81518.0,5070.0,16586.0
goblin,84484.0,4926.8,13473.0
vandysteen,115384.0,9141.8,16411.0
Bee is Niceu,69232.0,4617.6,10011.0
Pushifbozo,64460.0,4111.4,11634.0
yRikiri,99408.0,7555.8,11791.2
DonnerToz,104516.0,7802.6,13168.0
xNjdeh,92531.0,5896.2,15038.0
ZipLineMasterx,81541.0,4217.6,11422.6
sekaisaikyou55,112492.0,8319.6,16047.4
ChefBandoTV,79839.0,4477.0,10293.8
Dopers TV,100039.0,6530.0,18900.4
khryxsOnTiktok,90150.0,4012.0,10488.8
Carijo46_,83063.0,5789.2,11132.4
MadMacchio,103789.0,7592.4,12188.0
AOTP DEIMOS,97241.0,6187.0,13239.4
EvacMommy,87798.0,4525.6,11357.6
iTzzAK TTV,80597.0,5425.0,10300.0
GageGotGame,88982.0,6326.0,10662.0
Shu1461,77028.0,5080.8,11055.4
GEAR Hadez,72338.0,6144.0,9585.0
Po The Dragon Warrior,277362.0,17064.0,29212.0
GotPhoenix3,65583.0,4788.0,12277.0
FFFlorence,69475.0,4386.0,8068.0
TSM_kobeni0909,86608.0,5837.0,15333.8
LOVE,96842.70955882352,6507.2147995889,13735.802455357143
iSakura-7,95229.0,6030.4,12612.8
Dr__Marmalade,86312.0,5468.0,9193.0
Resolvuh,72397.0,5012.0,8551.0
MerryChrusimimas,83997.0,5612.0,9969.0
xBleaa,98851.0,5476.0,8974.0
JvyL,64403.0,4905.0,8967.0
vImperialLily,92594.0,5435.4,11753.6
rVxidz,77522.0,7094.0,9790.0
Sword_SIinger,100102.0,6530.0,15684.4
ToumToum_TV,98133.0,5672.8,12308.2
Simply Ashton,80169.0,5898.8,12105.0
pMTZq,95747.0,6718.4,12755.0
dmaninvegas,64010.0,2249.0,8082.0
LeRy_,106258.0,7434.0,14212.2
Above Faded,66398.0,4656.6,10093.8
ikayomi,65197.0,2158.0,9148.0
ShimaRin_Ni,168425.0,11987.0,18278.0
IrmaosMetralha05,97014.0,5399.8,14185.0
Kherss_,145222.0,9037.0,14992.0
Regret_Vector,122746.0,7921.4,21353.4
zLynxE,100022.0,6530.0,18900.4
Aurelius77777,136992.0,10477.0,23533.0
vSendokan,92845.0,6365.8,14518.2
Vinicius8936,77870.0,5643.6,12669.8
zeiws,83740.0,6297.0,14134.8
zsCesc,88312.0,7116.0,11220.0
iScxrTTV,145564.0,6894.0,20845.8
DosukoiZamural,124576.0,14683.0,10644.0
PoppaSmurfv2,72118.0,3922.6,10552.0
Savatoro,74397.0,6267.0,9949.0
MOIQ--,95058.0,5493.2,15585.6
Legitt Skills,65216.0,3510.0,10481.0
McLemur TV,109729.0,6495.8,12890.4
Her Alter,114028.0,4836.0,14549.0
Ovrdxse-,97000.0,5399.8,14185.0
Nutburten,104580.0,7194.0,14762.4
R6 Turtle6913,89598.0,6461.0,13832.0
NowNowNowoon,87142.0,7428.0,10137.0
yannifrl,118296.0,5455.0,13561.0
SirAppleSauce92,94044.0,7063.2,17841.8
joe comet,74050.0,4370.2,11039.4
zCereza,86861.0,5614.8,12189.6
TekXI,111666.0,6596.0,14645.0
PugsleyCD,101990.0,7183.0,16025.6
RaGe 5G,67982.0,5865.0,9079.0
Buu,96842.70955882352,6507.2147995889,13735.802455357143
sig,97590.0,7224.6,11613.2
KingTryH,73277.0,4093.0,12544.8
D1shiq,94287.0,7512.0,15939.0
Kedinh,95323.0,5949.4,12612.8
NxGMrPeliGod,81545.0,3393.0,10312.0
Rhad,117682.0,6913.6,12655.8
Sweaty jug,85501.0,6150.6,17681.0
uFanzey,65078.0,3658.2,10209.2
YutaSymphony245,86944.0,5614.8,12189.6
parxdoqZ,80509.0,5132.8,9323.8
Rinzler Victis,65531.0,3055.0,10885.0
I Eat Pie 21,132190.0,8178.8,17237.4
Savethewhales,75121.0,4085.8,14150.2
tttcheekyttt,96842.70955882352,6507.2147995889,13735.802455357143
zxhki,101995.0,7121.0,13012.4
momo_ramboTTV,102651.0,5273.0,33815.0
Forget Dat,258880.0,15294.6,32047.0
xThe_Latunix,102581.0,7800.0,23303.0
Dull,123640.0,10186.6,18331.6
yEccho,127399.0,9572.8,17252.0
Jolakoturin,87867.0,4204.0,13658.0
Riqn7_,81259.0,5113.6,7640.0
iiTzTimmy_kids,96966.0,5399.8,14185.0
COLDI-22,82755.0,6132.8,9285.0
ferchsaurios,73726.0,4711.0,13166.0
Unholy Blud,110546.0,8054.0,21504.0
