Username,UID
MaddBrooo,2432195245610694693
AmaneeMisa,14927434098641587
xoKaiz,8706546184032904415
HappieVIII,8366880904121628400
Swole Kirby,1080129604936734527
Aches&Pains,8367894162732723385
RevengefulYT,9192062008436270018
imVashy,1705756337270011819
TitanStar01,1373177542052142313
Star-WayZ-,8611065942703952950
RezMeNoVa,8187293244729486413
zaeezyy,3224929521985983917
Splugzy Wugzy,25072499087422157
TTV-Bear22345,6191967774094592505
fearzypoo,2948907669085644738
MoonPakuTV,3894407585206582195
GomiaimPanda,2276662806950262878
Not InvisibIe,8835323819981571165
Gribzu,6453831551179134296
Yuyu_Xe_Noah,7855013971937549975
ExB_Artillery,7584108182605819673
Swytchers-,8505886519573803612
king__ksa501_,3781748298700077095
JoeyyHydroTV,6632961517921348980
viicro,5605383989271660367
DemoniioTV | Twitch,9084218121254848767
AzayBae,5478425934806028085
CLUMSYBOMB072,8600366673659907446
ttv-flacoscott,1720695564484299708
Kashinzu,8550276361100541304
Overstays,5156547792772553903
Dvixo-,7905552776670270964
ProblemLifts,7820799130220591994
lYORia_,1855045601445273437
cziggyy,2410985697757922440
zCafinity,1588128020455345404
Behnny-,7347108232170389878
MayBabyMarcusTV,7319361529730473404
HY_0316,46387655013839299
MonstarFlies,3266616977115219944
xkefkaVI,7397116585397877779
Damonbieber a cuttie,1118010781937094915
6AINZZ,3416672126488426440
ShimaRin_Ni,7219611966766699218
NefanSWT,6529983055546217415
lNessieWattsonl,7435743680170530784
Dabs_are_better,5320148384276259637
Fusionly,3609094369521502151
pgKevn,5128060450018114732
Gigshot,1875687065799602741
CrustyToesTv,5172053115705453635
maico__maico_,3718569748955556542
GetGoodSweetie,7881159925612497504
Memphii_KickTV,7744131130166891211
Mr_LuckyStar,6672281964600208559
RmLyz,3158015891274506790
NeNoReGaL,6670074366028407870
ForeverShredded8,3262789502328601483
GOD_SIN_MASTER,2914850111173554819
LpS_SETHUNA,5103783738993663830
bLaiiSe_go_brrr,1464829724471422352
GaIveston,807482740081973438
DoctahDrayTV,3611037018007122142
nV_TargetTTV,8199153678761195689
JTolerance,3306579549307330614
sliar_Twitch,1439133187053395049
MrParkster,8170319274788286686
taylor_geiseman2,6614944663112359727
NFT_gavom,2628693860749904262
EternalDoomX,825953304791846166
CocaColx-,1490074710407956730
AbyssionHanmaTTV,549370074819023083
mvttbvrnesTTV,6768424999830262984
xMiru__,8419156920374028121
BAKUGEKINISHIDA,7609327933651181735
SlumpGodLLJ,5288500131965274382
DubbziWubbziTV,2323859300301747738
vUniqueTV,5969582802420319719
Babby-Aiko,6170503812795883319
omaedakeyade,6727436690531420912
Mangohabanero__,3606319822845643488
GrumpySquirrelTV,8337088490159897122
Xikor_,83018817743712258
CayThueBuaSoApex,8820787621079405408
iScxrTTV,3488803092459075832
Iinsova,4385718180220036736
ARODR1_TTG,3397459676986576415
xSnuff,7568699502819106930
HufflePuffTV,8652883805096332576
#Passion,4127189371746951115
vKvaq,3766784129049977407
MED_MohammadTTV,5065186303976537977
nono_chan_,6783748777482336020
yam-upbeat729,6227768113810484319
Kherss_,3760346455777907570
KXMIKAZl,5664890698348237915
kqnxs,3061576527514327387
Sniftyy,5887341288033955263
QueenNiccTV,3032845085346392637
starker_rock,1379054521777098258
Herii,8306779965800502655
Denxiety,1468037272814568673
DS_Insanity_TV,8709780545574304054
GENNXU,4229126639486706747
Sakutorii-,7884136896919814974
Blessed,4554737402677840175
SolidDoxis,9208794472213144565
H0LL1EBabyy,9132704233948707218
thighsarehot,9130375208797341681
Apertures,6445615787361911205
vKrisse,2791317825881381610
mills6167,5906724730350001188
MUVMENT-,6722285722158657605
itzzLokiii,7343581875495578545
MerlynFooX,4953711912983496146
STiM4THEWiN,8310534097439227138
CheekyClassic,2399745525088480735
SoggieWaffl3s_FB,7109095017074948555
Mirage-God,6365937748698897955
Aurelius77777,7692515810889877616
HighOnIcee,4050246435431051096
xkirazzz,6731138113309711045
qDevs-,4563315824247570531
ClayClayTV,2814899033557485452
EXPFPX,5217911811090256108
Yousif,8474701887584037478
daREALomo,2541006851860147502
DxddyDecoy,6155442535109817690
momotq_-,2772610798893082417
Staffi,694752657583915470
Zeuuss-EU,8812578940622714128
Mnt Dew Zero,8260133028379996883
IphxsezGxming-NZ,4938550648426899306
LATiiFloW,5561682928018190540
*foams mouth* GRRRRR *snarl*,5097823291008096413
SingJai03_twitch,1413424345389481537
Billy Butcher,4696045412019272040
FTA_xCanelo-Ttv,8316774463481057152
yuu,7186447724654589282
Dxcimxtion-,5154848021695184267
silvertungeDK,8633034267672289267
Resrect,449768081675966513
SandMan_045,2252035006414004675
Velkliq,7766135061237618590
zMuulaa,2268885167138094757
zBestProSkiMask,636553649818738740
EnhanceYo|Twitch,7863730013599765129
LamboSlaysYT,8754991612723464955
ll1bra_,2305356623917788811
DiazPain,4388292702792369
Onlyfans is my only plans,2672180715833419829
Yt / @TheManVita,3701585130739186401
rrHERO,4360677611624708273
DzBANGER,7942342293200847838
oG-Krytus,5451201646066009573
NqX-GAS-MAX,8830975304365580602
konvyk,7987777975336214584
Bloodwars2003,5401850201763772511
BE_ULTRA_,7148351036355923040
llLinso,1777444715735707114
JaKapolot,8790040038647042884
EroGameMaster,1208511642535800487
yannifrl,818762202702041307
HAN_AN_,7585683502385398463
ESPERANZA_3104,5020903525766190422
Cxllyx,7674827801352617321
yEccho,3373208706501638645
BuddyGotDropped,8255990575681129703
VoL,5112152135130523119
Cheo,894254209155885143
NotSemola_,7387972020385690375
EstelleAir,5533236553493411035
JasonMullenix,5950085155761607587
iDirn,1297126193547903833
X-MUG-Z,3053532011191980039
Menger420 | Twitch,3120973037015424348
Mqxlen,8683253889199887851
DosukoiZamural,4249931814755450373
TwitchNamelessTX,296294241985871295
Lord-_-HovbergDK,8095105040168896294
HaileyWRLD,3658727861451395910
DrxpLxve,6341641137399524526
VzGold_,3202770555677860407
ThirdsBetter,8985681735671624229
xItzLazzy,3434681168155026206
iWrexy,2172280405662821265
Regret_Vector,5868679619075585140
Ooohelnoo,6629441769618836578
hunter22pro,3555862844420424953
O---P--l,7207363156428284401
LUSAB-1894,3985159962860436069
Staqkv,3146877848467594761
iLuvKd_,4594891735999329129
xItzCatblack_TTV,7662291599694948074
Midnight-Organic,3505138200711063792
McGuich,6859971301430790385
Anniiyyy,3704471465694701353
xShane_TV,7907761467965350565
iSyquee,7669625779532251538
Nomercy_Fernando,1918641239084298823
Lqsuq,705247088660503475
KisKq,3704412361373148394
DarthHRZN,18029497377752839
Ny4pu_-,8349574046556926515
vHeady_,2255347404291113670
hatopoppo-1,5630591330688487341
Lion10x_,1181094349046573068
z-meir,7605654307799521722
Blaziann-,6892699114689167528
D34DAscensionTTV,5735203700389296923
FaithFul-Tv,5468686239913776695
MrKoujiCookingCH,7784618137799308535
MPV_meteor-kun,4652772921414106551
Foxa-mouille_,2298038489945783463
iiitzFear_,2037453921039760214
Gurrxng,612520551666734155
BakedLegend-,7843932252161684454
StrawHatSosa_,1594423700313197179
llZayo,6525900050611180563
Twitch-LehemPita,1757013475861149678
pockethealerUwU,1939152301883451047
ktiyt,1312309354824786202
LKG_BenjiTheGod,3927950738146196128
Omar14Shh,382198868160693087
ibLaCk-LiSTx,7530856511785050675
Riddle_FFX,2208341577886623413
AIM-ga-TORISU,835707987193414506
qedwardz_,5865731075783448102
DrippyBrian,2137183541285571993
sekaisaikyou55,797982702150693704
RD-1Shot,597223756607220170
SSyrex,4263176520530709463
Efermal,7712360978002782406
nV_LandoBandZ,815986900553813694
X_Whyz-,5724422761346589097
Leyhulst,8247404499056849415
steezbupper,2376971960918815631
rCytus,4007282836699710178
sakasu_fps,5650507297808666946
ConnFlixxTV,9072644849599826390
xabzolutexzer0x,7544876808892355522
MorumbiS_Boy,5290768865545827856
zprxjxct,4694102118796459950
totototake,4943209689123766647
hdtj,1863959109592000140
siruku7,245384138928580553
RaIKunq-,337488942339386676
YQDooN,5746788224432819223
TRIPPYMANE2050,694274902097354784
Bo Barrak,4230283922903616623
NekoDGPredator,5566379958175085856
iiTz_K_R_A_T_O_S,8911744954252150579
Clayious,6350027561322912511
Ralf_17,848200959278046163
ALSHANAB__,6635912515839543281
vandysteen,1057726950675828188
vD_Disofs,4822545398068744967
playbxirari,7932040297586887384
Jrockerxp,1103598826224712926
VickyyMoon,8288618322776009005
SirPacoElTaco,1608706720033886563
Onetoow,5885708979352212277
l_Love_HORlZON,1654755655765504258
xoTzunami,3716423624186786454
SoleiLuz_-,7636132600454191377
Crxzyyfr,2984809114229077350
CasteaI,649037999896498887
LucyLooseCheeks,2341255883464969561
ABIDE_Mickeyboy,6773842217835843258
GGA_earth-Ytube,87686534239191170
LilMiddyy,515137644071577308
MqDvL,4791638750948827873
Jeloan_,4756632729176775179
Lil-Koifish,6641144955766935816
xltzAimzy,7177067234951130409
Sinuipi,7182421693998978178
TekXI,5278006056204523802
THF-SPORTz,3755388300868417961
vRirx,7203605128211537964
Space_MaXiii,8114761290099610226
l-Midnvght,3489643225057867350
MxxNIV,5153642304648539970
Yiiks,1856102986290647892
Tzr_xo,5834226793309082078
im-penguini,4148927592762967441
BoLaDaaO_,5262386285953414273
y__vsix,7245699769535220515
hhorimiya-,8116779570216560053
PosessingStrive,8557463323017350098
Voidable-V3,1920404228798673671
Dibzzer,1528085442520822144
UndeadViolets,3111447969896856665
TonyRabb1t,6617235055549693938
lilngi,8910216113071508573
Monkalot706,5395940421601518324
iAm_NeOnBeast,5344962873200227431
FullDekko,8005170251610274917
Unclipible-On-YT,2042034755796176861
NickGotEm_TTV,4310138637964462983
Hans_olo_TTV,8064887394378172239
AthenasMerci,3875982648889622181
rjrXo,6589994833026840783
BigBoyGibby101,1121423837410045218
Reviem,7131965120197675533
ItzBxbbaGxmp,5974887133522152949
Jail_Rose_oi-_-X,2993286876598263138
MoonlightDaydream,3039161208223713023
Hq6SuKE,5618050164423857761
E3_impossible,3077484002522292695
qNo2m,913015847143311312
tttcheekyttt,6887878200395203455
le_raisin_bb,2208621057294635720
@rFearful Day 9 MNK,7519380009845072872
JustGoGrazyTV,4069755477891919991
iLxveDrxgz,157999242023733072
MrWifeline-,202209959531061702
TazFist,5516486799947157027
MezzyTheGod,1938785134827536521
kalluc,1389681772538892362
NoSmokeNoLife_,15298080374675942
didio-_-sob,3665054547545735948
AimAssistAbxsrTV,7952591120123896291
HerEdward,2965752283860384413
sks_n_,4573923127579421071
x-7uss,8474954033005321634
xRqchel_vD,52457353083472749
iG_xRaMpi,5263927447158627137
AIfxnzy-,3391547922346009659
ValkyrieOfKING,8618357374466184341
Tangemper,4868161354317367349
Line_Tsuna,8771180814260967864
Too_Leegitt,7309272268104488916
DRAGON-DARCUS,3603016138545890962
CBK_SoHeneR,968285634669785129
Towix-_-07,4862160472135377052
iSoIoQ,8819002547288635093
nH_NoroCR,2235703641787127085
Paplo_Escobr017,2504804947966358326
zEndlezZCrxxY,4281007550718351978
Ricky_Samuraii,9147865594886584756
SeLvDoR,3226229410488283202
Horaceu_,5417042608812540608
Unknown name :(,6337535007434427433
CPT-STORMBLESSED,8599542545743477186
FTA_CarlitaJG,7281647043957275679
IIAndre96II,7901238825320406778
ELECTRIK_BeamZ,4253887478686227579
blaubeermojito,1007918613152
Defiant,5532714136650680257
Plitzzy,2939401861328793936
PNX_Urkle,3466601556986476305
YT_patsos,2785646014684244652
Wisheswell,7510799086075920441
AWESOME4SUMM,2892428148431630414
Dr3IuntSmok3,4145843723567355064
frxbbzzz,5447556251381431176
xManumbollx_PR,4897983722459130164
ESTLEIAIRS,5621060598387059784
CoffeeAddictxx,4218148000890921522
KM_msh,8554529164292789056
mone_vv,2166797341649245804
Don_Whby,6512758904965265572
Qasomy,4686601540222480427
singulxrty,246893782724272912
yAlbralulu_,7029426324650160148
stoikq,4234429787412480305
NutzzR5,1213674105001818710
CNo_Ras_Apex,9016522283031881948
AAG_Wolfy,2339412765750410776
xUsqF,7233488045979095890
ErysSeshBones,5543693701947353989
PMKSI,4657864289297231782
AIwaysLovedYou,4044874301449305536
TTv-SleepyYoko,4805609930369500050
Mokxn,6058536368200743612
LeRy_,7773445393217845865
LT-Treyfilth,2218835781099473334
Za__I5,7160634425318200837
DRAGON-BANG,5584432379273310783
TRUEgotcha live on KICK,896874284998958454
KAITooNMeeN,6192065689345322000
VouchMe,6252386953017140740
lipao_-,1232871203260974245
yoskkr on insta,5931103056668190606
lK_Kronos,5583136442479782549
Jerico_Angel,2068128181510170739
WalkEmDownR2,7843087283123780857
Refuzionx,4495669626012142401
Chidu-,3070222093839869063
MoonnFPS,8675329393401587844
CaliTommyGunz,1019282281808342322
Konstantinos-507,6299454395415745358
zSweeneYz,2267773549407318795
Brts--,4279929256470851725
Buzxii,5639361715520773048
DeeSteez_1,5013917722113500045
CigarroSolto_-_,7689075354890259230
iCarryIzzy_TV,8142030820270745768
Erlend_SF,2597567258054412734
LaviishLuxx,2361404744881312380
dubstrub,4374594016778563641
HappyFace_TTV,1438362506852440569
Dr-Rincewind07,1344540650763666647
llll_NaYuTa_llll,19871094678037984
Mqndqrin,8933497575322279121
Weeeknd-,3785836132695688155
iiTzHiisoka,9195603892205798701
FTA KrissUwU,8422005251637605653
iiiTzRed,5866949856437256305
PoorGuy_K,8892113879861119862
MadMacchio,660172312779044571
x0xJuRAx0x,2020204805210020339
Ginkgoed,6840703594428068507
Airflow_11,1944127928263720155
Schribez,7936861312821356183
Obey_Son,6968312899979845739
TSM ikemen,2170870282758206917
Simfrogz,7231785612951580209
xRaciaI,5738207012679927455
BloodCrime_TV,4604419994677924739
BladeGamesGG,9136470085597075060
Toffu_,3683899171532937144
Mukella,5934253506233261302
sqeaxk,3438198917196319523
Jayzilla-twitch,5851837711678433185
zmxvx,1782283541074647498
iCroxyz,6452386125265327256
ZenTherapy,3942475386773594101
bbb,7931945799025831089
Le_sia,3851320428048261243
iesxi,4869451343485105047
significnce,325391248406172382
HisWattson | Twitch,5570572941942541604
Jorgieful,1399550941990203670
xenxsy,9145146365516663483
momo_ramboTTV,1238547565375682952
AQUAS_SPIRIT,3427543501085773394
RoyLiebe_,9054115953791948882
dandingoo69,3743196315799505481
xThe_Latunix,635857784442082942
Logic,8969329966142967319
Dose_TriKs,8609289816946109946
SoloOctane,3571705981290255631
nDodgee,4066271053849648708
ElMauitv,2526896708332672284
zAntroPos-,631385693690989739
llValk,7477227256451836712
BigPizzaaaaaaah,7482196173158223392
SadbastiianTV,1140857791941937141
asapan-_-x7,2641369243849724602
Lahhmin,683835404567709473
DaDarkwave,4327621212685362533
jtcanozo13,2758542069552839037
xNirgIlIs,6244398716611650514
SNEAKERLOVE24,5186613098279605550
TAE__JannKDash,5066645329147873993
yRikiri,583385020720535281
XtraTism_TV,7043946636524044382
SHADOWSTREAMZ-,5498263322078002526
Papa Apoc,2124976452533813948
uGUGS_,6657988610137006079
CracKedCabO,5074160502015685365
nicohmygod,6508116414308386
FTA_Malakian,6324079652030993839
NyoXel_,7056820961665314697
So_Let_Be_Shall,6348536484728786340
BloodChilean,491096013911401118
iPrayForMyRawr,7645230231398865041
Findxxr-,1483984368217568414
YungChanCan,1092978099689917758
x1ELCuBaNo3x,7109678522036682216
Kami-R99,3707496651738633720
Slippery-Pearman,3696147074542124655
Tokenergy,6297749663046853717
III_Opolim_III,5760753581354208411
Rezpectfull-,9058880383708939369
Redinstxnce,332309897774643803
happyfence-_-,9145667057588513016
Jossenko,8674076932449073921
Casado Tbm Joga,1473537358606267572
freefunnyboy,6899667086067890386
GOMICATZ,4495809136582438125
iC4PONE,1465125322239993901
XenoMapleBeamsTV,6028062425475345049
ilNotix,5614171485442453476
truspilla_,1379898127625623871
Rainsinz,1627721012650098953
Who_is_aceu,6757141359097104901
Sword_SIinger,4326343380039395228
ZayOmen,1400790743777533987
zlRuuSh_TTV,8065941607057095890
xoAixll,1009102128937
ITzOZZYTtv,2737262611025693153
Casaris,7716195374131607471
iDaxam | Twitch,8086731498887780735
XTH Diamante,5816375856052737810
Yopekun_,4606503258756044834
Win4TheMoney,6294969644857904309
HardenFps-_-,7836536103877083737
Repuhtitions,7801967770821616527
IBeamII,6423054065994560756
OrendiiTv,6130350531095410121
NateSavage @YT,2240291917637094121
SatinsDesciple_1,6983937583294997656
ImInsqnity,7108596061314488402
HorizxnBeams,2154305156806862063
No Skill included,1672274654655030761
Rave_saki_2408,7698483365954550182
RavvPC,7337990593857217159
Obo-_-Ro,6035542229112781838
pMTZq,3980403491521531099
SolidBotts,7285939958469669990
Biohazardsv,4154847319149588838
Phteeven420,5801738974106745121
MiSo_NeeT,2106268312831757677
Godonomicsx,5957052364526384569
xBleaa,5388438102168824226
kurrenaii,1347612010110159400
vEsox--,756970520117468188
yukaRepto,604927242385167114
lK_BrainZ-_,5800523552268229891
Saf,8768852359000935720
Kenikatu,2505257198216580991
ImTapper-Twitch,6316711713917290519
LatinoBambino805,1369453699660418878
yoake_q,2749350541157627083
dreamzockerogg,1019820339601776458
Froogzzzx,4773387846792087721
rallykidthegreat,7873967471610170602
Mxltryllis,6740319113051205530
aKingLeo,4502196691799059061
@Pumbaa TV,4007736740101561441
lYousif-,5101557954438413746
Unl1ght_31,9076055366826099447
Yo4TqKq-Twitch,6606571025934367574
rLucxs,3562450188810530855
Danger23Ranger,1529926689276462284
GeckoMamba,4178254098085780160
Romxoplays,6712129666783304606
Luki-chan5,7391120584038479559
kyanataMARU,3034988929762127683
Feli_fps,6035886430770649214
Jxkes4days,8297120118401815830
iiiTzRage-,7630479423282723631
xJDodge,7466661211118590380
rLikane,4388997748850862737
AggressiveExpert,7992889364435540236
YouTube_HABOGAKI,639232303196394658
rawskababy,6506194433011540926
IrmaosMetralha05,4853988993397712314
Ovrdxse-,3339108760668519827
Revy9_CUTLASS,3169007722902432746
iiTzTimmy_kids,1366970796836733141
ClutchGodCrunch,56301785733729053
indoa77,6536796619267348429
LobasBoyfriend,1260851469593533169
BFF_KOJI,8774514774836385867
Loot_eye,2913089135624809580
xQUEEN_TRiGGA,764824129270415537
Zurellk,5313611354422158394
TogepiOG,4006296979599508698
Naifenio,5519330465762275088
F1reFly-IV,7409528341081166818
IlSukuna-,4350055623871160112
SlyRacooh,1578346942030308765
Pan_Gepetto,4692081837991348368
Thereal_D23,1185897842625515497
shoobytooby_Jr,2433871508708913727
Henney47,3748108091394831559
Blokybloke,9021186622653905806
LIL-neet_zZ,5187289938611671380
rMazuko,4603720209582544614
BunnyGumi,3800911093969947820
JitWitASwitch,4354713218254059634
SirAppleSauce92,7224240734208818084
imLnca,5304137627064934320
sqke226_YouTube,6870301849511179702
xDivineStark,7176384899392896913
Xyqana,3452157542586123469
Yo-Mordred,6990955742252949434
EvacMommy,2522291093561010170
MED_Yaser,9093612626322773144
khryxsOnTiktok,9085247399365685678
WantedS_LINKE,6283738827720481309
NaoufelFe,7939991684619542005
TIINK_IV,5142920959291973313
Kedinh,4558298090588315236
AylaMaiden,2451019109675717784
TeezusActinUp,2170616692156210496
_Ace_,4077834867784992760
IndioLuzbelita,5987967303558727775
MAX_GRAPPLE,2631312025143358040
MOIQ--,4565271140984514200
HugoHilaire,2924260636196912788
ForeignAbility,7950108127073279844
XTR_sebaalca17,5488382454632347109
GoogleSlime,3499695304247502850
qAztecTV,8583769204087294481
ycucufuf_Strong,1135330204827969595
KILLERzzii,6618821775109074399
Larnak97_1,6886136230797049904
NuKY_xBia,7181196242476303203
xMoto_OG_,2884947244687768968
SSJUneak,5493020985490806587
Saucy,2359209949974668827
IPR Halfps,3499792112066625544
Red_in_7,7391447689276157250
DanieIsV2,2274991898354479609
uOdiinn,4876447083188444881
SaltyFishcake,8387422883520923158
PPL,8532068609422079812
E36_Aimbotkids,4550044039553211387
D1shiq,4162828109197589608
zPanshoo,8464120839414372581
Dog_EspumosoTTV,426547810222388812
Ixmola,1350420603655628970
PRVKTIKVL,5731692034283932186
JennyTheBelgian,2562532284941667568
uki_Mogu_Mogu,3541324871751864201
ErasedTM-TTV,5068899247296038248
NBS-B0T,2306873134106473188
Scotty_TM-,4251148091496240368
rSnickersx,4770201338860206218
mabo_nya,2888778044278738512
ishmish-,9182258384731028100
ExcelXeery,6815541803667431461
zKis7,6518215935692518697
Eszopiclone_-,264022676396342453
Niko__o-s,6199875232128494399
xrap06,2453899050282188698
S-T-I-M-M-Y,4958877810738109547
rSilence-,7959696258849874880
afroman_TV,5479932802783353994
StayNaughtyC9,2319806560903644396
Mimu_jp,7427392251898117117
its_theios,838948795083608561
GAIAKU_Horizon,5106042037128106177
komatumototaiki01,1101947822044677697
AA_R_E_S_,6647312974041033498
lSTXRZ-,8901348926701100962
xllRyu,1840018867932928579
TDz_Riad93,109218032090701586
fuegopapii,4614855903094859240
Mwrtezz,817798723548663193
i-PearlSwishers,7077379449858376500
ItachiiSama-,7648350122207513913
KurvaFPS,2707313766470342345
Ytube_SadoZaemon,2182396831913277667
The_Mjed,3148289812627400792
Universal,6095226940536058900
aimj_,6367951142316686945
xoKuraii,3117855998998894272
iKingSiyaa,6492461160531099352
vImperialLily,4308368051670343248
ScampBTW,4914483819073006877
FlavvaQc,2479385930650082990
SlickCeeTv,124430144280309526
FrankieStugots,6838049369044165719
Asher,3001767703901262126
xpebbies,7342215656059380570
skyIex-,6003534255659781438
TNG_Il-_-ViiPeR,8553486047656290007
No_recoil_cronus,210332319875761395
LLEVIi6,4786743771440520281
sporadicfury_,7991251363382753109
BrockoliandPeas,7722833534769814097
LeoMessiCucitini,8072887104923834069
LovelyBearDoIIs,7799442326774676749
INTJ,7378793682568108228
DZFH-,8338733932216473325
MagicJakkson,5280630881210613832
The_LKSB36,5544348545101002454
ToxicSkills12,7164575172722618902
MultiMyhre,6064933450384841302
Big_Sssssslime,5395732105382034075
TAIHOU_GUSSAN,7097434131639849459
Commando2287,7721584545444377745
BigEqrth_,4138543565481288623
JuTVBaby,8664446896425943807
I-MAV-I8,2779905695667132724
RealSmokytheBear,5452875592895098789
aZeniith,2426929078826641710
laser_flipz,6721789271452618761
imGaZa_-,289840337355615451
Foxlemen77,2116816147340006222
f3ar_Iuffy,2109998780925249645
sigi0650,6526526082071884488
Veidus_,1294807827687540007
official,7560753370376736729
MrRockefeller-,9093843400881720761
iTzNarkotik,7107627951613678415
A3DBee,954327515696732378
HUHYUNJlN,2186683938482552412
soberion,7937113669161693798
KaturaHinagiku_,7411999699413425260
@Doctoena,983534012490371509
xSIMPLlCITY,7038760634773429016
ITzNotBuckss,7097496905309180620
JayBeeDaGoatTV,7301238747062032742
io3NF-,4393026852286154404
Marist_Diablo,7766831665686467526
KaosKrxw,1943661848120763904
Yammz_z,4197814428355439531
Defileed,2702242049290753588
L0nely3PIC,3025789035380368877
JustNeno__,8976760481243810919
UgotcontrolledTV,5162903969517908328
PriZeFTW,2135486049844174354
Samuraikirby77,8089672484711941530
ErenYeager_835,8666770628848558445
ichigo_21_love,5826857684792533231
Ejr7-,762337101208146494
Chop_Em_Dead,6738480185280745517
Blank___NoName,819325587864097640
KoF_Ryo_,6029549754531877248
Paligpio,7984223343644966278
BRO IM MASTER WITH FIRST ACOUNT,3626850424876113785
TviAmSniperkillz,424636122524699012
BroNr4,1652491825412124839
Sloow,6256151548824671045
SixFour8inches,5585456989363411856
Woodler__,2866355011579091296
xpaczo-,2424003822003876455
APex_WHITEWOLF,629504225562307703
przybyszedu,5763612699819871617
LaCajuns_,1211887969284429934
N2llr-,7352395341716844440
lSh1nnoK_-,7046712905667056110
IMeegzI,2273021271999639442
brainFMJ,2024055010701921057
Bodiesuper,5404459057227911218
Titanovaa,537310714823690689
MalFoYs_FaThEr,6257862029329420412
LqCly-_-,1035691848887110058
YourPlugsPlugTTV,6950590890677509179
THE_REAL_ELIOTT,1497257727941897648
DMG-CristianT,1357654821984056153
INFINITY-fin_,7536788887039851078
PGl_SYRILLEX,1891171004002949115
JG-KiIla,544542167824657630
ThatPathy,9218111963483335360
OMAME-Ver13,9143645951018319459
x09a_012,3949856384492476263
GATIMUTISEIYA,6250675951240208825
Croutman_Twitch,2472769910550199456
GrappledYou-,1097976199168579016
CarlGustavJung26,6869915087677112096
GoldnSkul,4160624036759328666
Belker-x-,2029904147982004487
TB_SelocoTTV,7771551177902346266
iPrayForMySwxrm,1875242778393474864
TTV|KICK Max Fulan,8149308487140018795
Krieggs_,6789770744048346510
ImBeachedAz-,4025557776491333984
BbyBala,1746132877512248992
IIJUBI,8003970046846184944
Masa_o_20,2053872819574249656
Joeofdark52_TTV,8235820508742792058
Elfen_Lucy_LiLy,1601418058179371404
GageGotGame,3442575880517179413
Verostegui || Tiktok,7910642135613094031
MajesticFishy2,6663485727083412850
SOO_GUD818,9901301443419559
Leak_Naks,2579526318086405086
IllDQ,9106350425815661043
Gnnn_Reiiichou,4881277337443445430
TTV-iRegulateU,5137211987737507569
JokersWrath-,1347582007232479306
zProVoKe,1363705283037313818
JESOXO,1865099703810543611
L_U_Z_I_F_E_R__,8286369204565268565
Yung_Herbal,8073361208620865193
Puberty_OmanjUuU,2705625739474717511
iTz_Adi94,5626580308946839225
zsCesc,4237213853331403602
MatchboxTV,5421176665155420703
TNM_8-Geu,3404920526528333691
CFGFILES ON TWITCH,3865033102236189505
FUNNKY_FRESSH,8482204744724102810
NoRr1se-x,1654079780020507090
zBjorn3,982062608724266084
meJunia,1338818722753554920
fire-sign1031,3171782850373546042
xInsid-,2114895173335978586
GOL_Riley-_-,787746826848269809
TheyCallmeNawaf,1561651185946201983
Kyurora,6006410251619323946
StarkxxUchiha,4986658768198386824
Ixqxu,3553399463855671245
ohhLili,3286132037666656556
frezzlight,1299743576173712967
koro99_k,5769222821896798397
yCold_blood,6927620797787539894
HomieChrisG,8321449548466356613
XoticcccTV,3712710252347297670
Padre_Brada,2179522993591404957
zMuadDib,4731470452257020877
rPurrneu,4405827585550857436
oLeleHz1N,9022060789846700029
SergiinFPS,2176556018586426670
RinxPrime,1427115315522762367
xMiiN--,243169115316636364
EhFadez,2819843510183528951
NowNowNowoon,349214324924657043
GhxstyXlI,2505702221163430355
Heavenly Key,6632758358337515595
TT-SENS3I-TT,6392759151702774872
lHanzo_-,5535686918259370597
YutaSymphony245,6799980779978703072
Tha_Gingerbread,65639529463458288
HerNebula,278772895191650420
Ahzyee,4325194825279839426
WAZZAh,8938847853473754121
sonic_sandwich77,6966290423685874337
LeeHyper,2350262413928043729
III_V_XVII,8106012538660198956
SteveOhs,5909605173789438553
GsQ_TidalWave,2729390702635162840
Rob_In_the_wood,2829691076278351055
TSM_kobeni0909,8230467925629654779
iCarryMellooo,9166084710693713442
rAnoonymous-,6572857565009440191
blato1913,2499934882060828896
YamchaOnFortnite,243378235977634282
Zayne-Zilla,8476622836825329194
CreatinBraytin,6286325029197327684
Heavsies,933459016247735671
TTV-SmokedByBang,7839614232979312038
DOMIXIK,4575020406846270872
M4GNAT4-_-973_,7713908390510776354
Dr__Marmalade,3397944801361943604
FL mo-mon_,9043514048368171856
PrifeX,943980165511050730
WIICKSSY,1797115288726427592
ysLeepZin-,7551125744604263467
EIfne1n,4517780564881246002
ItzEngyn,8417209660676850120
xMERKN--,2823413739251720610
EgoistaTv,7413679865863034534
yaba0ba0,3488702533584805777
Saintshero_,6191014457759988389
liliana_aceuzzz,1184367922778009174
koppe-eppok,3250715527210853187
oq-Alba,6986370648589654328
Akuma_Bardo-,2354874822777316116
Naruto94King_TTV,8285799683890385821
ZipLineMasterx,7992937977329969093
OutLow,4532424261630279719
SHIWAKE-KOUJOCHO,3672498487053269419
D7FENCE,8092803639354603956
utopia0123,132393665941941040
neroMLG_TV,4708329079213141694
Bluuu_Bluuuu,1610175549000054656
I_phasma_I,5248512816724833748
jplpavnc990well,5602336216373355621
DaPenetrator01,4564361430385975050
NudieSZN,2316904487960570076
XingqiuBlooom,8338684991690514855
JuhafromFinland,6631539646879678848
TheKingYeezus,5158642373928602110
NG-Wraither01,622488686900594286
Yumiio3o,967119484107324581
ImJustS0L-,6120951125876864552
imWIFl,5874965181202701288
Cpt_Doped,2190359760961547109
DJ-FRAMPS,7204427655754071745
Authority7-_-,695232890439864487
yooooooooooooujp,7890376447045644276
RajakarhuV2,7937508194778070094
JIkmon33,1529974164747872266
Mizxhif,5880778284796117691
isN_ZenoX,8951833454815120026
iTz_MakiSaikoTTV,1145121046461803848
goblin,5905120858025840462
114114114114114,5636272681263517731
DrSirrieh,2263310516390816055
ItzDiabIos,8994654384252580530
DarkGoddessTV,8300762939730985036
PiToCk-,7992280801026282194
aktiver875name,7262479010440325083
Dreken-,3165001437842837517
vLobluu,5864460424623165452
BOYgynnn,8139215363114322053
EqWave,5185654289852546525
SimalanD-Shankas,3969785757578338296
fresco_di_zona,765199472619914809
BadFish-95,3222281044067802174
iStaySloppy,5730796640375314342
AiiiFl,2108106387319273703
QUK8913,2933716102839585741
Axviyx,5207128148464749940
COLDI-22,6640828367676149592
GOMUNASINOLUFFFY,4221427608463327927
A12120NA,5632853044568849114
SARUi7,6225866727482172957
nlyxj,8532184614915359633
GrappIe-God,2059688857696332096
MoFPi,1563326720835354216
itsSaEED_,7680335186010091410
SneakyWattson,5350803936631581016
MerryChrusimimas,7271279139442150758
Yuri2012br,7499813679246356286
fellathatbangTTV,1592133582782288848
Born_2_Kill007,6787263079930509976
lXTIGERlX,1639478493785487444
HerTraumaBond,3623759357368100250
TreHasNoKillsTV,6726486142424478668
weil_line,8655137725541154666
Wallervand,1037122266826837820
F_D_T_D,9090825730259540247
NotLosTen,5736165492067452541
vRAPTORx_v,1391604103600877643
momomonson,4861686602040199717
Hydrwo,407569691959153139
DaDerpyDonks,9131242556841246867
Viorlette,6608878172187933279
katsu-KING-,1297728485060441309
shays daddy,4130286259185416313
RyotaLoM,2369555339726678996
rKuchi,1600156682519906241
XmasduroX,3979075470381531403
i-ABADl,6510106613886535192
kuronia0_0,6296221205748890925
Donspratt,2018271608967499934
OG_Aether,8746917099334343836
KoF_Xayide,3641653164057863549
InsaneGod_onkick,3834616086637620011
WeeGrizzly_,4448596005320825704
Fdxjq,6570566113694712039
a_hajjo9,7781725278481488292
cheated on my husband,5796633151055903277
iiitzSmurf_,8484078371839934754
Carijo46_,7462322357311900964
ash-skyl1ne,2184713333331482371
F L O W,6515877253914040138
HuggyBear1001,2420343579031261425
BarbaricTV,1817340233538558132
FutureCore_,5349674775893457948
C9-JAM,9218256647820171360
mamemo258,3608569349374173296
TMN-RaffoJones,2554960391166332115
ooHyphee,4057243172627447763
Virusz0r_,251819762214230586
Najcik__,4566630864067505251
Vqlencia_Twitch,6838529111199469399
rorox2,6822206463179788734
lKittyAmazing,5491214429895265526
TIGALEXY,7287583134022227584
MinizonEU,5788150619244888868
gaggimah,5727351858699737786
Demonianv,2375820815280066537
Dabhr,1947045537047108294
Twitch_goritan,1149505265314426471
LobaFPS-,7626494992159428221
suessy1,4255094040493509253
odamikey,63936241711326521
Kirbskii,2053645786264479687
Don't Be So Serious,2489838062482400532
flight_R9,4681025537425084866
FlySquadYT,784089072324052046
NxGMrPeliGod,5944667599132497626
oJust5am,5273832979251845122
I-AXD-I,1532567409700154104
kswr_il,7766027829096418022
pyoBOMBOCLAAT,8698686455389742344
Revfaz,2327592027041660221
Ttv-Raymond1313,1809475530144934193
SlapsFPS,279774720183854145
Rinchqn,7165368284060021507
rHIRO_TTV,6448874324086909813
x5Sqy_x,1655886544307631305
Favela7-,5652791877452086435
Joe_The_Coder_YT,1213457717355061498
amsrKuran,1683796977816553463
NiN9_1000TON,568285366358808225
Morgqnn_,1971967450386498215
AcedHigh,6187281832620474778
Twenny--,4166394039615656590
NightmareGhostXx,8585246879306855553
IIXTrinity-,1350723958832522129
B_I_T_S__,6830330719212904972
xJsCls-,6671005471898425076
TheOtherPhoemela,5613261754794325325
